date,close,pct_change
2009-07-03,0.936,-0.06399999999999995
2009-07-10,0.941,0.005341880341880323
2009-07-17,0.945,0.004250797024442088
2009-07-24,0.955,0.010582010582010692
2009-07-31,0.958,0.003141361256544517
2009-08-05,1.0,0.04384133611691032
2009-08-07,0.982,-0.018000000000000016
2009-08-14,0.965,-0.01731160896130346
2009-08-21,0.953,-0.012435233160621784
2009-08-28,0.932,-0.022035676810073346
2009-09-04,0.936,0.0042918454935623185
2009-09-11,0.958,0.02350427350427342
2009-09-18,0.952,-0.006263048016701522
2009-09-25,0.93,-0.02310924369747891
2009-09-30,0.922,-0.008602150537634468
2009-10-09,0.947,0.027114967462039008
2009-10-12,0.946,-0.001055966209081327
2009-10-13,0.954,0.008456659619450413
2009-10-14,0.957,0.003144654088050425
2009-10-15,0.961,0.004179728317659448
2009-10-16,0.965,0.004162330905306932
2009-10-19,0.982,0.01761658031088076
2009-10-20,0.992,0.010183299389002087
2009-10-21,0.986,-0.006048387096774244
2009-10-22,0.981,-0.005070993914807254
2009-10-23,0.998,0.017329255861366022
2009-10-26,0.999,0.0010020040080160886
2009-10-27,0.978,-0.02102102102102099
2009-10-28,0.982,0.004089979550102152
2009-10-29,0.967,-0.01527494908350302
2009-10-30,0.978,0.011375387797311287
2009-11-02,1.01,0.0327198364008181
2009-11-03,1.02,0.00990099009900991
2009-11-04,1.023,0.002941176470588225
2009-11-05,1.023,0.0
2009-11-06,1.025,0.0019550342130987275
2009-11-09,1.028,0.0029268292682926855
2009-11-10,1.032,0.0038910505836575737
2009-11-11,1.03,-0.0019379844961240345
2009-11-12,1.033,0.002912621359223211
2009-11-13,1.036,0.0029041626331076653
2009-11-16,1.069,0.031853281853281734
2009-11-17,1.068,-0.0009354536950419989
2009-11-18,1.07,0.001872659176029856
2009-11-19,1.07,0.0
2009-11-20,1.068,-0.0018691588785046953
2009-11-23,1.08,0.011235955056179803
2009-11-24,1.047,-0.03055555555555567
2009-11-25,1.082,0.033428844317096695
2009-11-26,1.042,-0.0369685767097967
2009-11-27,1.018,-0.02303262955854124
2009-11-30,1.063,0.04420432220039294
2009-12-01,1.081,0.016933207902163794
2009-12-02,1.088,0.00647548566142464
2009-12-03,1.088,0.0
2009-12-04,1.087,-0.0009191176470588758
2009-12-07,1.094,0.0064397424103037615
2009-12-08,1.08,-0.012797074954296161
2009-12-09,1.07,-0.0092592592592593
2009-12-10,1.076,0.005607476635514086
2009-12-11,1.078,0.0018587360594795044
2009-12-14,1.081,0.002782931354359919
2009-12-15,1.085,0.0037002775208141436
2009-12-16,1.078,-0.006451612903225712
2009-12-17,1.046,-0.029684601113172615
2009-12-18,1.019,-0.025812619502868173
2009-12-21,1.024,0.004906771344455496
2009-12-22,1.002,-0.021484375
2009-12-23,1.016,0.013972055888223478
2009-12-24,1.054,0.03740157480314954
2009-12-25,1.055,0.000948766603415363
2009-12-28,1.066,0.010426540284360408
2009-12-29,1.071,0.004690431519699612
2009-12-30,1.073,0.0018674136321195078
2009-12-31,1.073,0.0
2010-01-04,1.07,-0.002795899347623365
2010-01-05,1.071,0.0009345794392521256
2010-01-06,1.067,-0.0037348272642390157
2010-01-07,1.047,-0.018744142455482726
2010-01-08,1.042,-0.0047755491881565915
2010-01-11,1.038,-0.0038387715930902067
2010-01-12,1.055,0.01637764932562602
2010-01-13,1.041,-0.013270142180094813
2010-01-14,1.059,0.01729106628242083
2010-01-15,1.062,0.0028328611898018607
2010-01-18,1.072,0.009416195856873921
2010-01-19,1.068,-0.003731343283582045
2010-01-20,1.036,-0.029962546816479474
2010-01-21,1.03,-0.00579150579150578
2010-01-22,1.01,-0.01941747572815533
2010-01-25,1.002,-0.007920792079207928
2010-01-26,0.982,-0.019960079840319334
2010-01-27,0.977,-0.005091649694501044
2010-01-28,0.989,0.0122824974411464
2010-01-29,0.994,0.005055611729019249
2010-02-01,0.987,-0.007042253521126751
2010-02-02,0.982,-0.005065856129685908
2010-02-03,0.987,0.005091649694501044
2010-02-04,0.986,-0.0010131712259371373
2010-02-05,0.974,-0.012170385395537497
2010-02-08,0.973,-0.0010266940451745254
2010-02-09,0.972,-0.0010277492291880241
2010-02-10,0.982,0.010288065843621519
2010-02-11,0.988,0.006109979633401208
2010-02-12,0.996,0.00809716599190291
2010-02-22,0.991,-0.005020080321285092
2010-02-23,0.998,0.007063572149344166
2010-02-24,1.013,0.01503006012024044
2010-02-25,1.02,0.006910167818361401
2010-02-26,1.022,0.0019607843137254832
2010-03-01,1.024,0.001956947162426559
2010-03-02,1.021,-0.002929687500000111
2010-03-03,1.027,0.00587659157688547
2010-03-04,1.003,-0.023369036027263923
2010-03-05,1.006,0.0029910269192423566
2010-03-08,1.013,0.006958250497017815
2010-03-09,1.011,-0.001974333662388972
2010-03-10,0.999,-0.01186943620178027
2010-03-11,0.995,-0.004004004004004025
2010-03-12,0.986,-0.009045226130653283
2010-03-15,0.978,-0.008113590263691739
2010-03-16,0.98,0.002044989775051187
2010-03-17,1.001,0.021428571428571352
2010-03-18,0.998,-0.0029970029970028955
2010-03-19,1.005,0.007014028056112176
2010-03-22,1.012,0.006965174129353269
2010-03-23,1.012,0.0
2010-03-24,1.021,0.008893280632410905
2010-03-25,1.019,-0.0019588638589618235
2010-03-26,1.023,0.003925417075564264
2010-03-29,1.031,0.00782013685239491
2010-03-30,1.033,0.0019398642095054264
2010-03-31,1.034,0.0009680542110359625
2010-04-01,1.051,0.016441005802707798
2010-04-02,1.054,0.0028544243577546258
2010-04-06,1.056,0.00189753320683117
2010-04-07,1.059,0.0028409090909089496
2010-04-08,1.058,-0.0009442870632671019
2010-04-09,1.076,0.017013232514177634
2010-04-12,1.083,0.006505576208178265
2010-04-13,1.068,-0.013850415512465242
2010-04-14,1.077,0.008426966292134797
2010-04-15,1.066,-0.01021355617455888
2010-04-16,1.068,0.0018761726078799779
2010-04-19,1.031,-0.03464419475655445
2010-04-20,1.04,0.008729388942774197
2010-04-21,1.067,0.02596153846153837
2010-04-22,1.07,0.00281162136832247
2010-04-23,1.061,-0.008411214953271129
2010-04-26,1.057,-0.0037700282752121117
2010-04-27,1.039,-0.017029328287606504
2010-04-28,1.035,-0.0038498556304138454
2010-04-29,1.005,-0.02898550724637683
2010-04-30,0.993,-0.011940298507462588
2010-05-04,0.995,0.002014098690835908
2010-05-05,1.013,0.018090452261306345
2010-05-06,0.99,-0.02270483711747273
2010-05-07,0.969,-0.021212121212121238
2010-05-10,0.947,-0.02270381836945301
2010-05-11,0.929,-0.019007391763463444
2010-05-12,0.921,-0.008611410118406937
2010-05-13,0.94,0.02062975027144387
2010-05-14,0.939,-0.0010638297872340718
2010-05-17,0.899,-0.0425985090521831
2010-05-18,0.915,0.017797552836485098
2010-05-19,0.919,0.004371584699453646
2010-05-20,0.907,-0.01305767138193692
2010-05-21,0.924,0.018743109151047488
2010-05-24,0.953,0.031385281385281294
2010-05-25,0.936,-0.017838405036726068
2010-05-26,0.939,0.0032051282051281937
2010-05-27,0.95,0.011714589989350488
2010-05-28,0.95,0.0
2010-05-31,0.93,-0.021052631578947323
2010-06-01,0.918,-0.012903225806451646
2010-06-02,0.923,0.005446623093681824
2010-06-03,0.924,0.0010834236186347823
2010-06-04,0.93,0.006493506493506551
2010-06-07,0.923,-0.007526881720430145
2010-06-08,0.927,0.004333694474539573
2010-06-09,0.949,0.023732470334411948
2010-06-10,0.948,-0.0010537407797681642
2010-06-11,0.945,-0.0031645569620253333
2010-06-17,0.929,-0.016931216931216797
2010-06-18,0.903,-0.027987082884822434
2010-06-21,0.926,0.025470653377630104
2010-06-22,0.929,0.003239740820734305
2010-06-23,0.926,-0.0032292787944026013
2010-06-24,0.927,0.001079913606911509
2010-06-25,0.915,-0.012944983818770184
2010-06-28,0.901,-0.015300546448087426
2010-06-29,0.856,-0.049944506104328545
2010-06-30,0.845,-0.012850467289719614
2010-07-01,0.836,-0.010650887573964485
2010-07-02,0.832,-0.004784688995215336
2010-07-05,0.828,-0.004807692307692291
2010-07-06,0.845,0.020531400966183666
2010-07-07,0.853,0.00946745562130169
2010-07-08,0.85,-0.003516998827667095
2010-07-09,0.87,0.0235294117647058
2010-07-12,0.876,0.006896551724137945
2010-07-13,0.868,-0.0091324200913242
2010-07-14,0.872,0.004608294930875667
2010-07-15,0.858,-0.016055045871559592
2010-07-16,0.859,0.0011655011655011815
2010-07-19,0.877,0.020954598370197974
2010-07-20,0.894,0.019384264538198526
2010-07-21,0.895,0.0011185682326622093
2010-07-22,0.903,0.00893854748603351
2010-07-23,0.903,0.0
2010-07-26,0.91,0.007751937984496138
2010-07-27,0.909,-0.001098901098901095
2010-07-28,0.925,0.017601760176017667
2010-07-29,0.927,0.00216216216216214
2010-07-30,0.923,-0.004314994606256728
2010-08-02,0.939,0.01733477789815807
2010-08-03,0.93,-0.009584664536741117
2010-08-04,0.933,0.003225806451612856
2010-08-05,0.929,-0.004287245444801746
2010-08-06,0.945,0.017222820236813652
2010-08-09,0.955,0.010582010582010692
2010-08-10,0.924,-0.032460732984293084
2010-08-11,0.935,0.011904761904761862
2010-08-12,0.925,-0.010695187165775444
2010-08-13,0.939,0.01513513513513498
2010-08-16,0.96,0.022364217252396124
2010-08-17,0.965,0.005208333333333259
2010-08-18,0.965,0.0
2010-08-19,0.964,-0.0010362694300518616
2010-08-20,0.938,-0.026970954356846488
2010-08-23,0.938,0.0
2010-08-24,0.95,0.01279317697228155
2010-08-25,0.924,-0.027368421052631486
2010-08-26,0.928,0.0043290043290042934
2010-08-27,0.934,0.006465517241379226
2010-08-30,0.959,0.02676659528907921
2010-08-31,0.963,0.004171011470281538
2010-09-01,0.952,-0.011422637590861928
2010-09-02,0.974,0.02310924369747891
2010-09-03,0.98,0.006160164271047153
2010-09-06,0.98,0.0
2010-09-07,0.987,0.0071428571428571175
2010-09-08,0.998,0.011144883485308954
2010-09-09,0.978,-0.02004008016032066
2010-09-10,0.977,-0.0010224948875255935
2010-09-13,0.994,0.017400204708290623
2010-09-14,1.0,0.006036217303822866
2010-09-15,0.982,-0.018000000000000016
2010-09-16,0.963,-0.0193482688391039
2010-09-17,0.965,0.0020768431983384517
2010-09-20,0.953,-0.012435233160621784
2010-09-21,0.947,-0.006295907660020972
2010-09-27,0.975,0.029567053854276715
2010-09-28,0.972,-0.003076923076923088
2010-09-29,0.967,-0.0051440329218107594
2010-09-30,0.98,0.013443640124095158
2010-10-08,1.006,0.026530612244898055
2010-10-11,1.004,-0.001988071570576566
2010-10-12,1.015,0.010956175298804771
2010-10-13,1.016,0.0009852216748769127
2010-10-14,0.999,-0.0167322834645669
2010-10-15,0.998,-0.0010010010010009784
2010-10-18,0.975,-0.023046092184368705
2010-10-19,1.012,0.0379487179487179
2010-10-20,1.018,0.005928853754940677
2010-10-21,1.02,0.0019646365422396617
2010-10-22,1.033,0.012745098039215641
2010-10-25,1.059,0.02516940948693125
2010-10-26,1.062,0.0028328611898018607
2010-10-27,1.059,-0.0028248587570622874
2010-10-28,1.072,0.012275731822474212
2010-10-29,1.099,0.025186567164179108
2010-11-01,1.131,0.0291173794358508
2010-11-02,1.107,-0.021220159151193685
2010-11-03,1.073,-0.030713640469738013
2010-11-04,1.105,0.02982292637465056
2010-11-05,1.121,0.014479638009049722
2010-11-08,1.151,0.0267618198037467
2010-11-09,1.156,0.004344048653344812
2010-11-10,1.175,0.016435986159169635
2010-11-11,1.175,0.0
2010-11-12,1.124,-0.04340425531914893
2010-11-15,1.181,0.05071174377224197
2010-11-16,1.163,-0.015241320914479273
2010-11-17,1.113,-0.042992261392949316
2010-11-18,1.129,0.014375561545372895
2010-11-19,1.181,0.04605845881310899
2010-11-22,1.199,0.015241320914479273
2010-11-23,1.198,-0.0008340283569642226
2010-11-24,1.222,0.02003338898163598
2010-11-25,1.209,-0.010638297872340385
2010-11-26,1.207,-0.0016542597187758634
2010-11-29,1.215,0.006628003314001596
2010-11-30,1.177,-0.03127572016460911
2010-12-01,1.176,-0.00084961767204772
2010-12-02,1.174,-0.00170068027210879
2010-12-03,1.161,-0.011073253833049357
2010-12-06,1.137,-0.02067183462532296
2010-12-07,1.161,0.02110817941952514
2010-12-08,1.161,0.0
2010-12-09,1.146,-0.012919896640826933
2010-12-10,1.164,0.015706806282722585
2010-12-13,1.196,0.027491408934708028
2010-12-14,1.203,0.005852842809364711
2010-12-15,1.197,-0.004987531172069848
2010-12-16,1.196,-0.0008354218880535225
2010-12-17,1.197,0.0008361204013378476
2010-12-20,1.184,-0.010860484544695126
2010-12-21,1.193,0.007601351351351537
2010-12-22,1.186,-0.005867560771165237
2010-12-23,1.161,-0.021079258010118007
2010-12-24,1.139,-0.018949181739879473
2010-12-27,1.107,-0.028094820017559252
2010-12-28,1.083,-0.02168021680216803
2010-12-29,1.103,0.01846722068328721
2010-12-30,1.11,0.006346328195829587
2010-12-31,1.137,0.024324324324324298
2011-01-04,1.156,0.016710642040457246
2011-01-05,1.158,0.0017301038062282892
2011-01-06,1.148,-0.008635578583765069
2011-01-07,1.135,-0.011324041811846652
2011-01-10,1.102,-0.029074889867841347
2011-01-11,1.085,-0.015426497277677087
2011-01-12,1.089,0.0036866359447005337
2011-01-13,1.086,-0.0027548209366390353
2011-01-14,1.059,-0.024861878453038777
2011-01-17,1.02,-0.03682719546742208
2011-01-18,1.021,0.0009803921568627416
2011-01-19,1.048,0.026444662095984395
2011-01-20,1.024,-0.022900763358778664
2011-01-21,1.031,0.0068359375
2011-01-24,0.999,-0.031037827352085268
2011-01-25,0.98,-0.019019019019019034
2011-01-26,0.998,0.01836734693877551
2011-01-27,1.019,0.021042084168336528
2011-01-28,1.03,0.01079489695780178
2011-01-31,1.047,0.0165048543689319
2011-02-01,1.054,0.006685768863419428
2011-02-09,1.056,0.00189753320683117
2011-02-10,1.082,0.024621212121212155
2011-02-11,1.093,0.01016635859519388
2011-02-14,1.104,0.010064043915828158
2011-02-15,1.105,0.0009057971014492239
2011-02-16,1.128,0.020814479638008976
2011-02-17,1.136,0.007092198581560183
2011-02-18,1.113,-0.020246478873239382
2011-02-21,1.137,0.02156334231805923
2011-02-22,1.116,-0.01846965699208436
2011-02-23,1.13,0.012544802867383353
2011-02-24,1.128,-0.001769911504424737
2011-02-25,1.117,-0.009751773049645251
2011-02-28,1.126,0.008057296329453845
2011-03-01,1.125,-0.0008880994671401909
2011-03-02,1.11,-0.013333333333333197
2011-03-03,1.083,-0.02432432432432441
2011-03-04,1.095,0.011080332409972415
2011-03-07,1.11,0.013698630136986356
2011-03-08,1.11,0.0
2011-03-09,1.111,0.0009009009009008917
2011-03-10,1.104,-0.006300630063006185
2011-03-11,1.103,-0.0009057971014493349
2011-03-14,1.11,0.006346328195829587
2011-03-15,1.104,-0.005405405405405461
2011-03-16,1.106,0.0018115942028984477
2011-03-17,1.081,-0.022603978300180905
2011-03-18,1.087,0.005550416281220993
2011-03-21,1.085,-0.0018399264029438367
2011-03-22,1.087,0.0018433179723502668
2011-03-23,1.09,0.002759889604415866
2011-03-24,1.096,0.005504587155963359
2011-03-25,1.099,0.0027372262773721623
2011-03-28,1.084,-0.013648771610555
2011-03-29,1.065,-0.01752767527675292
2011-03-30,1.046,-0.017840375586854362
2011-03-31,1.036,-0.009560229445506718
2011-04-01,1.045,0.008687258687258614
2011-04-06,1.029,-0.015311004784689053
2011-04-07,1.031,0.0019436345966958868
2011-04-08,1.043,0.011639185257032114
2011-04-11,1.034,-0.008628954937679678
2011-04-12,1.03,-0.003868471953578312
2011-04-13,1.036,0.005825242718446644
2011-04-14,1.037,0.0009652509652509078
2011-04-15,1.036,-0.0009643201542911539
2011-04-18,1.031,-0.004826254826254983
2011-04-19,1.021,-0.009699321047526688
2011-04-20,1.029,0.007835455435847294
2011-04-21,1.036,0.006802721088435382
2011-04-22,1.029,-0.00675675675675691
2011-04-25,1.002,-0.026239067055393472
2011-04-26,0.987,-0.014970059880239583
2011-04-27,0.975,-0.012158054711246202
2011-04-28,0.945,-0.03076923076923077
2011-04-29,0.962,0.017989417989418
2011-05-03,0.971,0.009355509355509328
2011-05-04,0.947,-0.02471678681771372
2011-05-05,0.949,0.002111932418162654
2011-05-06,0.948,-0.0010537407797681642
2011-05-09,0.954,0.006329113924050667
2011-05-10,0.958,0.004192872117400492
2011-05-11,0.958,0.0
2011-05-12,0.939,-0.019832985386221358
2011-05-13,0.944,0.005324813631522929
2011-05-16,0.94,-0.004237288135593209
2011-05-17,0.941,0.0010638297872340718
2011-05-18,0.941,0.0
2011-05-19,0.942,0.0010626992561104665
2011-05-20,0.933,-0.009554140127388422
2011-05-23,0.898,-0.037513397642015
2011-05-24,0.905,0.007795100222717233
2011-05-25,0.897,-0.008839779005524906
2011-05-26,0.892,-0.005574136008918651
2011-05-27,0.875,-0.01905829596412556
2011-05-30,0.867,-0.00914285714285712
2011-05-31,0.878,0.012687427912341454
2011-06-01,0.881,0.003416856492027387
2011-06-02,0.87,-0.012485811577752526
2011-06-03,0.879,0.010344827586206806
2011-06-07,0.883,0.004550625711035261
2011-06-08,0.886,0.003397508493771184
2011-06-09,0.869,-0.019187358916478603
2011-06-10,0.873,0.004602991944764101
2011-06-13,0.873,0.0
2011-06-14,0.883,0.01145475372279492
2011-06-15,0.879,-0.0045300113250282825
2011-06-16,0.86,-0.021615472127417545
2011-06-17,0.845,-0.01744186046511631
2011-06-20,0.828,-0.020118343195266286
2011-06-21,0.838,0.012077294685990392
2011-06-22,0.832,-0.007159904534606243
2011-06-23,0.853,0.02524038461538458
2011-06-24,0.872,0.022274325908558046
2011-06-27,0.885,0.014908256880733939
2011-06-28,0.885,0.0
2011-06-29,0.881,-0.004519774011299438
2011-06-30,0.905,0.02724177071509648
2011-07-01,0.903,-0.0022099447513812542
2011-07-04,0.922,0.021040974529346723
2011-07-05,0.926,0.00433839479392617
2011-07-06,0.93,0.004319654427645814
2011-07-07,0.934,0.004301075268817289
2011-07-08,0.929,-0.005353319057815886
2011-07-11,0.936,0.00753498385360607
2011-07-12,0.926,-0.010683760683760646
2011-07-13,0.939,0.014038876889848728
2011-07-14,0.944,0.005324813631522929
2011-07-15,0.943,-0.0010593220338983578
2011-07-18,0.943,0.0
2011-07-19,0.932,-0.0116648992576881
2011-07-20,0.93,-0.0021459227467811592
2011-07-21,0.921,-0.009677419354838679
2011-07-22,0.923,0.0021715526601520097
2011-07-25,0.888,-0.037919826652221045
2011-07-26,0.894,0.006756756756756799
2011-07-27,0.912,0.020134228187919545
2011-07-28,0.913,0.0010964912280702066
2011-07-29,0.906,-0.00766703176341732
2011-08-01,0.911,0.0055187637969094094
2011-08-02,0.909,-0.002195389681668547
2011-08-03,0.911,0.002200220022002153
2011-08-04,0.911,0.0
2011-08-05,0.898,-0.014270032930845278
2011-08-08,0.864,-0.03786191536748329
2011-08-09,0.866,0.0023148148148148806
2011-08-10,0.88,0.01616628175519641
2011-08-11,0.897,0.01931818181818179
2011-08-12,0.904,0.0078037904124861335
2011-08-15,0.914,0.01106194690265494
2011-08-16,0.908,-0.006564551422319487
2011-08-17,0.907,-0.0011013215859030367
2011-08-18,0.891,-0.01764057331863289
2011-08-19,0.887,-0.004489337822671136
2011-08-22,0.88,-0.007891770011273946
2011-08-23,0.892,0.013636363636363669
2011-08-24,0.892,0.0
2011-08-25,0.897,0.005605381165919354
2011-08-26,0.898,0.0011148272017837968
2011-08-29,0.898,0.0
2011-08-30,0.885,-0.014476614699331813
2011-08-31,0.879,-0.006779661016949157
2011-09-01,0.874,-0.005688282138794132
2011-09-02,0.864,-0.011441647597253968
2011-09-05,0.847,-0.01967592592592593
2011-09-06,0.84,-0.008264462809917328
2011-09-07,0.858,0.021428571428571352
2011-09-08,0.857,-0.0011655011655011815
2011-09-09,0.851,-0.007001166861143493
2011-09-13,0.834,-0.0199764982373678
2011-09-14,0.84,0.007194244604316502
2011-09-15,0.839,-0.0011904761904761862
2011-09-16,0.837,-0.0023837902264600697
2011-09-19,0.823,-0.016726403823178027
2011-09-20,0.823,0.0
2011-09-21,0.841,0.021871202916160515
2011-09-22,0.818,-0.027348394768133222
2011-09-23,0.809,-0.011002444987774918
2011-09-26,0.796,-0.01606922126081578
2011-09-27,0.8,0.005025125628140614
2011-09-28,0.786,-0.01749999999999996
2011-09-29,0.769,-0.021628498727735423
2011-09-30,0.772,0.0039011703511053764
2011-10-10,0.765,-0.0090673575129534
2011-10-11,0.758,-0.009150326797385588
2011-10-12,0.777,0.02506596306068598
2011-10-13,0.786,0.01158301158301156
2011-10-14,0.779,-0.008905852417302795
2011-10-17,0.78,0.0012836970474967568
2011-10-18,0.757,-0.029487179487179493
2011-10-19,0.748,-0.011889035667106973
2011-10-20,0.729,-0.025401069518716568
2011-10-21,0.724,-0.006858710562414272
2011-10-24,0.744,0.027624309392265234
2011-10-25,0.76,0.021505376344086002
2011-10-26,0.764,0.0052631578947368585
2011-10-27,0.76,-0.005235602094240788
2011-10-28,0.783,0.03026315789473677
2011-10-31,0.789,0.00766283524904221
2011-11-01,0.794,0.006337135614702172
2011-11-02,0.81,0.02015113350125941
2011-11-03,0.809,-0.0012345679012345512
2011-11-04,0.811,0.0024721878862794533
2011-11-07,0.805,-0.007398273736128225
2011-11-08,0.796,-0.011180124223602483
2011-11-09,0.807,0.013819095477386911
2011-11-10,0.797,-0.012391573729863659
2011-11-11,0.792,-0.006273525721455453
2011-11-14,0.813,0.02651515151515138
2011-11-15,0.818,0.006150061500614923
2011-11-16,0.8,-0.022004889975550057
2011-11-17,0.801,0.0012499999999999734
2011-11-18,0.783,-0.022471910112359605
2011-11-21,0.78,-0.003831417624521105
2011-11-22,0.778,-0.002564102564102555
2011-11-23,0.771,-0.00899742930591263
2011-11-24,0.768,-0.0038910505836575737
2011-11-25,0.77,0.0026041666666667407
2011-11-28,0.78,0.012987012987013102
2011-11-29,0.79,0.012820512820512775
2011-11-30,0.766,-0.03037974683544309
2011-12-01,0.777,0.01436031331592691
2011-12-02,0.761,-0.020592020592020588
2011-12-05,0.74,-0.02759526938239165
2011-12-06,0.735,-0.006756756756756799
2011-12-07,0.737,0.0027210884353741083
2011-12-08,0.739,0.0027137042062415073
2011-12-09,0.728,-0.014884979702300405
2011-12-12,0.716,-0.016483516483516536
2011-12-13,0.696,-0.027932960893854775
2011-12-14,0.684,-0.01724137931034464
2011-12-15,0.675,-0.013157894736842146
2011-12-16,0.697,0.032592592592592506
2011-12-19,0.7,0.004304160688665792
2011-12-20,0.692,-0.011428571428571455
2011-12-21,0.676,-0.02312138728323687
2011-12-22,0.671,-0.007396449704141994
2011-12-23,0.677,0.008941877794336861
2011-12-26,0.671,-0.008862629246676468
2011-12-27,0.65,-0.0312965722801789
2011-12-28,0.648,-0.003076923076923088
2011-12-29,0.65,0.0030864197530864335
2011-12-30,0.662,0.01846153846153853
2011-12-31,0.662,0.0
2012-01-04,0.648,-0.02114803625377648
2012-01-05,0.63,-0.02777777777777779
2012-01-06,0.631,0.0015873015873015817
2012-01-09,0.651,0.031695721077654504
2012-01-10,0.667,0.02457757296466978
2012-01-11,0.664,-0.004497751124437732
2012-01-12,0.662,-0.003012048192771122
2012-01-13,0.64,-0.0332326283987916
2012-01-16,0.621,-0.029687499999999978
2012-01-17,0.641,0.03220611916264082
2012-01-18,0.628,-0.020280811232449292
2012-01-19,0.634,0.009554140127388644
2012-01-20,0.645,0.01735015772870674
2012-01-30,0.642,-0.0046511627906976605
2012-01-31,0.64,-0.0031152647975077885
2012-02-01,0.638,-0.0031250000000000444
2012-02-02,0.647,0.014106583072100332
2012-02-03,0.654,0.010819165378670892
2012-02-06,0.656,0.003058103975535076
2012-02-07,0.648,-0.012195121951219523
2012-02-08,0.661,0.020061728395061706
2012-02-09,0.663,0.00302571860816947
2012-02-10,0.663,0.0
2012-02-13,0.666,0.004524886877828038
2012-02-14,0.666,0.0
2012-02-15,0.672,0.009009009009008917
2012-02-16,0.671,-0.0014880952380952328
2012-02-17,0.67,-0.0014903129657227732
2012-02-20,0.674,0.005970149253731405
2012-02-21,0.68,0.008902077151335286
2012-02-22,0.695,0.022058823529411686
2012-02-23,0.697,0.0028776978417266452
2012-02-24,0.703,0.008608321377331363
2012-02-27,0.705,0.002844950213371167
2012-02-28,0.701,-0.005673758865248235
2012-02-29,0.69,-0.015691868758915817
2012-03-01,0.693,0.004347826086956497
2012-03-02,0.705,0.017316017316017396
2012-03-05,0.703,-0.0028368794326241176
2012-03-06,0.699,-0.005689900426742556
2012-03-07,0.697,-0.0028612303290415086
2012-03-08,0.703,0.008608321377331363
2012-03-09,0.709,0.008534850640113723
2012-03-12,0.709,0.0
2012-03-13,0.713,0.005641748942172065
2012-03-14,0.692,-0.029453015427770013
2012-03-15,0.69,-0.0028901734104046506
2012-03-16,0.701,0.01594202898550723
2012-03-19,0.705,0.005706134094151327
2012-03-20,0.691,-0.019858156028368823
2012-03-21,0.688,-0.00434153400868309
2012-03-22,0.686,-0.0029069767441859407
2012-03-23,0.677,-0.013119533527696792
2012-03-26,0.676,-0.001477104874446078
2012-03-27,0.675,-0.0014792899408283544
2012-03-28,0.654,-0.03111111111111109
2012-03-29,0.65,-0.006116207951070374
2012-03-30,0.651,0.0015384615384614886
2012-03-31,0.651,0.0
2012-04-05,0.671,0.030721966205837115
2012-04-06,0.675,0.005961251862891315
2012-04-09,0.669,-0.008888888888888946
2012-04-10,0.675,0.008968609865470878
2012-04-11,0.676,0.001481481481481417
2012-04-12,0.688,0.017751479289940697
2012-04-13,0.69,0.0029069767441860517
2012-04-16,0.688,-0.0028985507246377384
2012-04-17,0.681,-0.010174418604650959
2012-04-18,0.693,0.017621145374449254
2012-04-19,0.692,-0.0014430014430014682
2012-04-20,0.699,0.01011560693641611
2012-04-23,0.69,-0.012875536480686733
2012-04-24,0.684,-0.008695652173912882
2012-04-25,0.688,0.005847953216374213
2012-04-26,0.688,0.0
2012-04-27,0.686,-0.0029069767441859407
2012-05-02,0.698,0.017492711370262315
2012-05-03,0.703,0.007163323782235054
2012-05-04,0.71,0.009957325746799528
2012-05-07,0.717,0.009859154929577452
2012-05-08,0.714,-0.004184100418409997
2012-05-09,0.704,-0.01400560224089642
2012-05-10,0.703,-0.0014204545454545858
2012-05-11,0.699,-0.005689900426742556
2012-05-14,0.697,-0.0028612303290415086
2012-05-15,0.698,0.0014347202295552641
2012-05-16,0.689,-0.012893982808022897
2012-05-17,0.697,0.011611030478954953
2012-05-18,0.688,-0.012912482065997155
2012-05-21,0.688,0.0
2012-05-22,0.695,0.01017441860465107
2012-05-23,0.692,-0.004316546762589968
2012-05-24,0.687,-0.00722543352601146
2012-05-25,0.68,-0.010189228529839944
2012-05-28,0.689,0.013235294117647012
2012-05-29,0.697,0.011611030478954953
2012-05-30,0.696,-0.0014347202295552641
2012-05-31,0.698,0.002873563218390718
2012-06-01,0.695,-0.004297994269340966
2012-06-04,0.681,-0.020143884892086183
2012-06-05,0.683,0.002936857562408246
2012-06-06,0.682,-0.0014641288433382416
2012-06-07,0.678,-0.0058651026392961825
2012-06-08,0.676,-0.002949852507374673
2012-06-11,0.688,0.017751479289940697
2012-06-12,0.689,0.0014534883720929148
2012-06-13,0.701,0.01741654571843254
2012-06-14,0.696,-0.007132667617689048
2012-06-15,0.697,0.001436781609195359
2012-06-18,0.704,0.010043041606886627
2012-06-19,0.697,-0.009943181818181879
2012-06-20,0.697,0.0
2012-06-21,0.691,-0.008608321377331474
2012-06-25,0.673,-0.026049204052098318
2012-06-26,0.675,0.002971768202080227
2012-06-27,0.676,0.001481481481481417
2012-06-28,0.671,-0.007396449704141994
2012-06-29,0.68,0.013412816691505292
2012-06-30,0.68,0.0
2012-07-02,0.685,0.007352941176470562
2012-07-03,0.686,0.0014598540145984717
2012-07-04,0.681,-0.007288629737609353
2012-07-05,0.67,-0.016152716593245242
2012-07-06,0.682,0.017910447761193993
2012-07-09,0.669,-0.019061583577712593
2012-07-10,0.667,-0.002989536621823663
2012-07-11,0.67,0.004497751124437732
2012-07-12,0.681,0.016417910447761308
2012-07-13,0.68,-0.001468428781204123
2012-07-16,0.663,-0.025000000000000022
2012-07-17,0.667,0.006033182503770718
2012-07-18,0.671,0.0059970014992503096
2012-07-19,0.674,0.0044709388971684305
2012-07-20,0.668,-0.008902077151335286
2012-07-23,0.666,-0.0029940119760478723
2012-07-24,0.668,0.0030030030030030463
2012-07-25,0.664,-0.005988023952095856
2012-07-26,0.66,-0.0060240963855421326
2012-07-27,0.659,-0.0015151515151514694
2012-07-30,0.648,-0.01669195751138086
2012-07-31,0.645,-0.00462962962962965
2012-08-01,0.656,0.01705426356589146
2012-08-02,0.648,-0.012195121951219523
2012-08-03,0.656,0.012345679012345734
2012-08-06,0.669,0.01981707317073167
2012-08-07,0.672,0.004484304932735439
2012-08-08,0.67,-0.0029761904761904656
2012-08-09,0.676,0.008955223880596996
2012-08-10,0.671,-0.007396449704141994
2012-08-13,0.657,-0.02086438152011927
2012-08-14,0.659,0.003044140030441511
2012-08-15,0.653,-0.009104704097116834
2012-08-16,0.65,-0.004594180704441064
2012-08-17,0.649,-0.0015384615384614886
2012-08-20,0.649,0.0
2012-08-21,0.655,0.009244992295839749
2012-08-22,0.651,-0.006106870229007688
2012-08-23,0.653,0.003072196620583778
2012-08-24,0.643,-0.015313935681470103
2012-08-27,0.629,-0.021772939346811793
2012-08-28,0.631,0.0031796502384737746
2012-08-29,0.627,-0.006339144215530945
2012-08-30,0.621,-0.009569377990430672
2012-08-31,0.621,0.0
2012-09-03,0.634,0.02093397745571668
2012-09-04,0.63,-0.006309148264984188
2012-09-05,0.634,0.006349206349206327
2012-09-06,0.639,0.007886435331230235
2012-09-07,0.663,0.03755868544600949
2012-09-10,0.665,0.003016591251885359
2012-09-11,0.663,-0.003007518796992459
2012-09-12,0.667,0.006033182503770718
2012-09-13,0.659,-0.01199400299850073
2012-09-14,0.659,0.0
2012-09-17,0.643,-0.02427921092564489
2012-09-18,0.642,-0.0015552099533436836
2012-09-19,0.647,0.007788161993769416
2012-09-20,0.632,-0.023183925811437467
2012-09-21,0.63,-0.0031645569620253333
2012-09-24,0.635,0.007936507936507908
2012-09-25,0.629,-0.009448818897637823
2012-09-26,0.617,-0.019077901430842648
2012-09-27,0.633,0.025931928687196182
2012-09-28,0.644,0.017377567140600236
2012-09-30,0.644,0.0
2012-10-08,0.64,-0.006211180124223614
2012-10-09,0.656,0.02499999999999991
2012-10-10,0.661,0.007621951219512146
2012-10-11,0.654,-0.010590015128593033
2012-10-12,0.652,-0.003058103975535187
2012-10-15,0.646,-0.00920245398773012
2012-10-16,0.646,0.0
2012-10-17,0.646,0.0
2012-10-18,0.657,0.017027863777089758
2012-10-19,0.657,0.0
2012-10-22,0.661,0.0060882800608828
2012-10-23,0.655,-0.009077155824508298
2012-10-24,0.652,-0.004580152671755711
2012-10-25,0.647,-0.0076687116564416735
2012-10-26,0.635,-0.018547140649149974
2012-10-29,0.632,-0.0047244094488189115
2012-10-30,0.631,-0.0015822784810126667
2012-10-31,0.632,0.0015847860538826808
2012-11-01,0.643,0.017405063291139333
2012-11-02,0.646,0.004665629860031162
2012-11-05,0.646,0.0
2012-11-06,0.644,-0.003095975232198178
2012-11-07,0.642,-0.0031055900621117516
2012-11-08,0.63,-0.01869158878504673
2012-11-09,0.627,-0.004761904761904745
2012-11-12,0.629,0.0031897926634769647
2012-11-13,0.622,-0.011128775834658211
2012-11-14,0.621,-0.001607717041800627
2012-11-15,0.612,-0.01449275362318847
2012-11-16,0.61,-0.0032679738562091387
2012-11-19,0.607,-0.004918032786885296
2012-11-20,0.606,-0.0016474464579900872
2012-11-21,0.611,0.008250825082508184
2012-11-22,0.607,-0.006546644844517169
2012-11-23,0.611,0.006589785831960571
2012-11-26,0.605,-0.009819967266775809
2012-11-27,0.591,-0.023140495867768562
2012-11-28,0.581,-0.016920473773265665
2012-11-29,0.58,-0.0017211703958691649
2012-11-30,0.584,0.006896551724137945
2012-12-03,0.575,-0.015410958904109595
2012-12-04,0.582,0.012173913043478368
2012-12-05,0.601,0.03264604810996574
2012-12-06,0.603,0.0033277870216306127
2012-12-07,0.616,0.021558872305140975
2012-12-10,0.623,0.011363636363636465
2012-12-11,0.62,-0.0048154093097912964
2012-12-12,0.617,-0.004838709677419395
2012-12-13,0.611,-0.00972447325769854
2012-12-14,0.637,0.042553191489361764
2012-12-17,0.638,0.0015698587127157548
2012-12-18,0.637,-0.0015673981191222097
2012-12-19,0.639,0.0031397174254317317
2012-12-20,0.642,0.0046948356807512415
2012-12-21,0.643,0.0015576323987538387
2012-12-24,0.646,0.004665629860031162
2012-12-25,0.662,0.024767801857585203
2012-12-26,0.668,0.009063444108761365
2012-12-27,0.662,-0.008982035928143728
2012-12-28,0.671,0.013595166163141936
2012-12-31,0.677,0.008941877794336861
2013-01-04,0.674,-0.004431314623338234
2013-01-07,0.681,0.010385756676557945
2013-01-08,0.685,0.005873715124816492
2013-01-09,0.684,-0.0014598540145985828
2013-01-10,0.689,0.0073099415204676
2013-01-11,0.68,-0.013062409288824184
2013-01-14,0.705,0.03676470588235281
2013-01-15,0.714,0.012765957446808418
2013-01-16,0.714,0.0
2013-01-17,0.706,-0.011204481792717047
2013-01-18,0.718,0.016997167138810276
2013-01-21,0.723,0.0069637883008357715
2013-01-22,0.717,-0.008298755186721962
2013-01-23,0.72,0.004184100418409997
2013-01-24,0.71,-0.01388888888888895
2013-01-25,0.708,-0.0028169014084507005
2013-01-28,0.729,0.029661016949152463
2013-01-29,0.737,0.010973936899862924
2013-01-30,0.739,0.0027137042062415073
2013-01-31,0.732,-0.009472259810554773
2013-02-01,0.74,0.010928961748633892
2013-02-04,0.729,-0.014864864864864824
2013-02-05,0.736,0.009602194787379892
2013-02-06,0.739,0.0040760869565217295
2013-02-07,0.742,0.004059539918809252
2013-02-08,0.749,0.009433962264151052
2013-02-18,0.744,-0.006675567423230944
2013-02-19,0.728,-0.021505376344086002
2013-02-20,0.743,0.02060439560439553
2013-02-21,0.727,-0.021534320323014833
2013-02-22,0.722,-0.00687757909215958
2013-02-25,0.727,0.006925207756232732
2013-02-26,0.72,-0.009628610729023435
2013-02-27,0.721,0.001388888888888884
2013-02-28,0.737,0.02219140083217752
2013-03-01,0.745,0.01085481682496603
2013-03-04,0.719,-0.03489932885906044
2013-03-05,0.732,0.018080667593880495
2013-03-06,0.745,0.01775956284153013
2013-03-07,0.735,-0.01342281879194629
2013-03-08,0.726,-0.01224489795918371
2013-03-11,0.724,-0.0027548209366391463
2013-03-12,0.712,-0.016574585635359185
2013-03-13,0.702,-0.014044943820224698
2013-03-14,0.704,0.002849002849002913
2013-03-15,0.708,0.005681818181818121
2013-03-18,0.703,-0.007062146892655385
2013-03-19,0.705,0.002844950213371167
2013-03-20,0.724,0.026950354609929006
2013-03-21,0.732,0.011049723756906049
2013-03-22,0.733,0.001366120218579292
2013-03-25,0.73,-0.004092769440654842
2013-03-26,0.724,-0.008219178082191747
2013-03-27,0.731,0.009668508287292932
2013-03-28,0.717,-0.019151846785225746
2013-03-29,0.714,-0.004184100418409997
2013-03-31,0.714,0.0
2013-04-01,0.718,0.0056022408963585235
2013-04-02,0.711,-0.00974930362116988
2013-04-03,0.706,-0.007032348804500654
2013-04-08,0.71,0.0056657223796034994
2013-04-09,0.719,0.012676056338028152
2013-04-10,0.717,-0.0027816411682892728
2013-04-11,0.717,0.0
2013-04-12,0.712,-0.006973500697350032
2013-04-15,0.706,-0.008426966292134797
2013-04-16,0.715,0.012747875354107707
2013-04-17,0.723,0.01118881118881121
2013-04-18,0.727,0.0055325034578146415
2013-04-19,0.74,0.017881705639614776
2013-04-22,0.744,0.00540540540540535
2013-04-23,0.726,-0.024193548387096753
2013-04-24,0.744,0.024793388429751984
2013-04-25,0.737,-0.009408602150537626
2013-04-26,0.728,-0.012211668928086894
2013-05-02,0.725,-0.004120879120879106
2013-05-03,0.737,0.016551724137931156
2013-05-06,0.747,0.013568521031207537
2013-05-07,0.748,0.0013386880856760541
2013-05-08,0.748,0.0
2013-05-09,0.755,0.009358288770053402
2013-05-10,0.761,0.007947019867549754
2013-05-13,0.762,0.0013140604467805073
2013-05-14,0.752,-0.013123359580052507
2013-05-15,0.76,0.010638297872340496
2013-05-16,0.765,0.006578947368421018
2013-05-17,0.772,0.009150326797385588
2013-05-20,0.78,0.010362694300518172
2013-05-21,0.779,-0.0012820512820512775
2013-05-22,0.773,-0.007702182284980763
2013-05-23,0.769,-0.005174644243208237
2013-05-24,0.773,0.005201560468140354
2013-05-27,0.778,0.0064683053040104355
2013-05-28,0.778,0.0
2013-05-29,0.778,0.0
2013-05-30,0.777,-0.0012853470437017567
2013-05-31,0.776,-0.0012870012870013214
2013-06-03,0.771,-0.006443298969072142
2013-06-04,0.755,-0.02075226977950717
2013-06-05,0.757,0.0026490066225166586
2013-06-06,0.75,-0.009247027741083214
2013-06-07,0.739,-0.014666666666666717
2013-06-13,0.725,-0.018944519621109657
2013-06-14,0.737,0.016551724137931156
2013-06-17,0.74,0.004070556309362372
2013-06-18,0.742,0.002702702702702675
2013-06-19,0.737,-0.006738544474393482
2013-06-20,0.717,-0.027137042062415184
2013-06-21,0.716,-0.001394700139469962
2013-06-24,0.683,-0.04608938547486019
2013-06-25,0.685,0.002928257686676483
2013-06-26,0.698,0.0189781021897808
2013-06-27,0.692,-0.008595988538681931
2013-06-28,0.696,0.005780346820809301
2013-06-30,0.696,0.0
2013-07-01,0.704,0.011494252873563315
2013-07-02,0.714,0.014204545454545414
2013-07-03,0.718,0.0056022408963585235
2013-07-04,0.719,0.0013927576601671099
2013-07-05,0.713,-0.00834492350486793
2013-07-08,0.694,-0.02664796633941091
2013-07-09,0.694,0.0
2013-07-10,0.709,0.021613832853025983
2013-07-11,0.732,0.03244005641748937
2013-07-12,0.724,-0.010928961748633892
2013-07-15,0.741,0.023480662983425438
2013-07-16,0.75,0.012145748987854255
2013-07-17,0.74,-0.013333333333333308
2013-07-18,0.736,-0.005405405405405461
2013-07-19,0.726,-0.013586956521739135
2013-07-22,0.734,0.011019283746556585
2013-07-23,0.752,0.02452316076294281
2013-07-24,0.76,0.010638297872340496
2013-07-25,0.754,-0.007894736842105288
2013-07-26,0.756,0.0026525198938991412
2013-07-29,0.739,-0.022486772486772555
2013-07-30,0.737,-0.0027063599458727605
2013-07-31,0.742,0.006784260515603879
2013-08-01,0.765,0.030997304582210283
2013-08-02,0.768,0.0039215686274509665
2013-08-05,0.781,0.01692708333333326
2013-08-06,0.793,0.015364916773367598
2013-08-07,0.785,-0.010088272383354413
2013-08-08,0.784,-0.001273885350318471
2013-08-09,0.785,0.0012755102040815647
2013-08-12,0.797,0.015286624203821653
2013-08-13,0.801,0.005018820577164407
2013-08-14,0.804,0.0037453183520599342
2013-08-15,0.788,-0.01990049751243783
2013-08-16,0.777,-0.013959390862944177
2013-08-19,0.795,0.02316602316602312
2013-08-20,0.79,-0.0062893081761006275
2013-08-21,0.787,-0.0037974683544304
2013-08-22,0.79,0.003811944091486552
2013-08-23,0.78,-0.012658227848101222
2013-08-26,0.795,0.019230769230769162
2013-08-27,0.797,0.002515723270440251
2013-08-28,0.786,-0.013801756587202063
2013-08-29,0.782,-0.0050890585241730735
2013-08-30,0.778,-0.005115089514066473
2013-09-02,0.781,0.003856041131105492
2013-09-03,0.795,0.017925736235595346
2013-09-04,0.793,-0.002515723270440251
2013-09-05,0.796,0.003783102143757988
2013-09-06,0.8,0.005025125628140614
2013-09-09,0.816,0.019999999999999796
2013-09-10,0.834,0.022058823529411686
2013-09-11,0.833,-0.0011990407673860837
2013-09-12,0.835,0.0024009603841537164
2013-09-13,0.833,-0.0023952095808382756
2013-09-16,0.83,-0.0036014405762304635
2013-09-17,0.814,-0.01927710843373498
2013-09-18,0.822,0.00982800982800991
2013-09-23,0.841,0.02311435523114347
2013-09-24,0.839,-0.0023781212841854638
2013-09-25,0.835,-0.004767580452920139
2013-09-26,0.818,-0.02035928143712573
2013-09-27,0.821,0.003667481662591676
2013-09-30,0.829,0.00974421437271622
2013-10-08,0.848,0.022919179734619988
2013-10-09,0.853,0.005896226415094352
2013-10-10,0.85,-0.003516998827667095
2013-10-11,0.859,0.010588235294117565
2013-10-14,0.863,0.00465657741559955
2013-10-15,0.866,0.0034762456546928444
2013-10-16,0.845,-0.024249422632794504
2013-10-17,0.838,-0.008284023668639007
2013-10-18,0.845,0.00835322195704058
2013-10-21,0.866,0.024852071005917242
2013-10-22,0.851,-0.01732101616628179
2013-10-23,0.831,-0.023501762632197387
2013-10-24,0.825,-0.0072202166064981865
2013-10-25,0.804,-0.025454545454545396
2013-10-28,0.804,0.0
2013-10-29,0.791,-0.016169154228855787
2013-10-30,0.802,0.013906447534766109
2013-10-31,0.79,-0.014962593516209544
2013-11-01,0.797,0.008860759493670933
2013-11-04,0.799,0.0025094102885820924
2013-11-05,0.805,0.007509386733416834
2013-11-06,0.794,-0.013664596273291973
2013-11-07,0.784,-0.012594458438287215
2013-11-08,0.773,-0.014030612244897989
2013-11-11,0.773,0.0
2013-11-12,0.78,0.009055627425614388
2013-11-13,0.768,-0.015384615384615441
2013-11-14,0.777,0.01171875
2013-11-15,0.795,0.02316602316602312
2013-11-18,0.821,0.03270440251572326
2013-11-19,0.821,0.0
2013-11-20,0.826,0.006090133982947554
2013-11-21,0.816,-0.01210653753026636
2013-11-22,0.814,-0.002450980392156854
2013-11-25,0.811,-0.003685503685503577
2013-11-26,0.814,0.0036991368680638903
2013-11-27,0.822,0.00982800982800991
2013-11-28,0.831,0.010948905109489093
2013-11-29,0.834,0.0036101083032491488
2013-12-02,0.814,-0.023980815347721895
2013-12-03,0.829,0.01842751842751844
2013-12-04,0.84,0.013268998793727338
2013-12-05,0.831,-0.010714285714285676
2013-12-06,0.825,-0.0072202166064981865
2013-12-09,0.827,0.00242424242424244
2013-12-10,0.827,0.0
2013-12-11,0.822,-0.006045949214026569
2013-12-12,0.828,0.007299270072992803
2013-12-13,0.831,0.0036231884057971175
2013-12-16,0.819,-0.014440433212996373
2013-12-17,0.814,-0.006105006105006083
2013-12-18,0.813,-0.0012285012285012664
2013-12-19,0.807,-0.007380073800737907
2013-12-20,0.797,-0.012391573729863659
2013-12-23,0.796,-0.0012547051442910462
2013-12-24,0.801,0.00628140703517599
2013-12-25,0.811,0.012484394506866447
2013-12-26,0.796,-0.018495684340320562
2013-12-27,0.811,0.018844221105527748
2013-12-30,0.812,0.0012330456226881115
2013-12-31,0.815,0.003694581280788034
2014-01-02,0.821,0.007361963190184007
2014-01-03,0.82,-0.0012180267965895553
2014-01-06,0.8,-0.024390243902438935
2014-01-07,0.802,0.0024999999999999467
2014-01-08,0.809,0.008728179551122262
2014-01-09,0.795,-0.017305315203955507
2014-01-10,0.785,-0.012578616352201255
2014-01-13,0.777,-0.010191082802547768
2014-01-14,0.786,0.01158301158301156
2014-01-15,0.787,0.0012722646310432406
2014-01-16,0.786,-0.0012706480304955914
2014-01-17,0.776,-0.012722646310432628
2014-01-20,0.771,-0.006443298969072142
2014-01-21,0.779,0.01037613488975353
2014-01-22,0.799,0.025673940949935803
2014-01-23,0.807,0.01001251564455563
2014-01-24,0.822,0.018587360594795488
2014-01-27,0.826,0.0048661800486617945
2014-01-28,0.824,-0.002421307506053294
2014-01-29,0.827,0.00364077669902918
2014-01-30,0.824,-0.0036275695284159193
2014-02-07,0.835,0.013349514563106846
2014-02-10,0.849,0.016766467065868262
2014-02-11,0.842,-0.008244994110718551
2014-02-12,0.85,0.009501187648456089
2014-02-13,0.838,-0.014117647058823568
2014-02-14,0.844,0.007159904534606243
2014-02-17,0.857,0.01540284360189581
2014-02-18,0.853,-0.004667444574095736
2014-02-19,0.853,0.0
2014-02-20,0.843,-0.011723329425556872
2014-02-21,0.845,0.0023724792408066353
2014-02-24,0.839,-0.007100591715976323
2014-02-25,0.82,-0.022646007151370662
2014-02-26,0.819,-0.0012195121951219523
2014-02-27,0.807,-0.014652014652014489
2014-02-28,0.82,0.016109045848822667
2014-03-03,0.824,0.004878048780487809
2014-03-04,0.822,-0.0024271844660194164
2014-03-05,0.814,-0.009732360097323589
2014-03-06,0.82,0.0073710073710073765
2014-03-07,0.812,-0.009756097560975507
2014-03-10,0.779,-0.04064039408866993
2014-03-11,0.781,0.0025673940949935137
2014-03-12,0.786,0.006402048655569814
2014-03-13,0.796,0.012722646310432628
2014-03-14,0.788,-0.01005025125628145
2014-03-17,0.806,0.022842639593908753
2014-03-18,0.815,0.011166253101736912
2014-03-19,0.806,-0.011042944785275899
2014-03-20,0.787,-0.023573200992555887
2014-03-21,0.808,0.02668360864040653
2014-03-24,0.808,0.0
2014-03-25,0.811,0.003712871287128605
2014-03-26,0.814,0.0036991368680638903
2014-03-27,0.803,-0.013513513513513375
2014-03-28,0.788,-0.018679950186799466
2014-03-31,0.789,0.0012690355329949554
2014-04-01,0.801,0.015209125475285079
2014-04-02,0.802,0.0012484394506866447
2014-04-03,0.798,-0.004987531172069848
2014-04-04,0.808,0.012531328320801949
2014-04-08,0.815,0.00866336633663356
2014-04-09,0.823,0.009815950920245342
2014-04-10,0.829,0.007290400972053579
2014-04-11,0.82,-0.010856453558504287
2014-04-14,0.82,0.0
2014-04-15,0.816,-0.004878048780487809
2014-04-16,0.814,-0.002450980392156854
2014-04-17,0.814,0.0
2014-04-18,0.819,0.006142506142506221
2014-04-21,0.812,-0.008547008547008406
2014-04-22,0.81,-0.0024630541871921707
2014-04-23,0.804,-0.007407407407407418
2014-04-24,0.796,-0.00995024875621886
2014-04-25,0.781,-0.018844221105527637
2014-04-28,0.766,-0.01920614596670933
2014-04-29,0.775,0.011749347258485754
2014-04-30,0.78,0.006451612903225712
2014-05-05,0.783,0.0038461538461538325
2014-05-06,0.784,0.0012771392081736277
2014-05-07,0.773,-0.014030612244897989
2014-05-08,0.766,-0.009055627425614499
2014-05-09,0.758,-0.010443864229765065
2014-05-12,0.773,0.019788918205804862
2014-05-13,0.771,-0.002587322121604174
2014-05-14,0.77,-0.0012970168612191912
2014-05-15,0.761,-0.011688311688311748
2014-05-16,0.757,-0.005256241787122251
2014-05-19,0.75,-0.009247027741083214
2014-05-20,0.754,0.005333333333333412
2014-05-21,0.766,0.01591511936339529
2014-05-22,0.77,0.005221932114882533
2014-05-23,0.783,0.016883116883116944
2014-05-26,0.794,0.01404853128991057
2014-05-27,0.79,-0.005037783375314908
2014-05-28,0.81,0.025316455696202445
2014-05-29,0.807,-0.0037037037037036535
2014-05-30,0.804,-0.0037174721189591198
2014-06-03,0.799,-0.006218905472636815
2014-06-04,0.792,-0.008760951188986232
2014-06-05,0.802,0.012626262626262541
2014-06-06,0.799,-0.0037406483790524137
2014-06-09,0.796,-0.003754693366708417
2014-06-10,0.81,0.017587939698492372
2014-06-11,0.813,0.0037037037037035425
2014-06-12,0.814,0.0012300123001229846
2014-06-13,0.82,0.0073710073710073765
2014-06-16,0.821,0.0012195121951219523
2014-06-17,0.816,-0.006090133982947665
2014-06-18,0.811,-0.006127450980392024
2014-06-19,0.795,-0.019728729963008673
2014-06-20,0.8,0.0062893081761006275
2014-06-23,0.802,0.0024999999999999467
2014-06-24,0.805,0.0037406483790523026
2014-06-25,0.801,-0.004968944099378869
2014-06-26,0.807,0.0074906367041198685
2014-06-27,0.808,0.0012391573729864103
2014-06-30,0.816,0.009900990099009688
2014-07-01,0.819,0.003676470588235281
2014-07-02,0.819,0.0
2014-07-03,0.818,-0.0012210012210012167
2014-07-04,0.82,0.0024449877750611915
2014-07-07,0.813,-0.008536585365853666
2014-07-08,0.817,0.004920049200491938
2014-07-09,0.801,-0.019583843329253225
2014-07-10,0.794,-0.008739076154806513
2014-07-11,0.794,0.0
2014-07-14,0.806,0.015113350125944613
2014-07-15,0.804,-0.002481389578163795
2014-07-16,0.797,-0.008706467661691586
2014-07-17,0.791,-0.00752823086574661
2014-07-18,0.794,0.0037926675094817064
2014-07-21,0.795,0.0012594458438286438
2014-07-22,0.803,0.010062893081761004
2014-07-23,0.796,-0.008717310087173136
2014-07-24,0.799,0.0037688442211054607
2014-07-25,0.803,0.005006257822277815
2014-07-28,0.819,0.01992528019925266
2014-07-29,0.829,0.012210012210012167
2014-07-30,0.828,-0.0012062726176116367
2014-07-31,0.839,0.013285024154589431
2014-08-01,0.831,-0.009535160905840279
2014-08-04,0.838,0.008423586040914532
2014-08-05,0.841,0.0035799522673030104
2014-08-06,0.84,-0.0011890606420927874
2014-08-07,0.834,-0.0071428571428571175
2014-08-08,0.837,0.003597122302158251
2014-08-11,0.848,0.0131421744324971
2014-08-12,0.851,0.0035377358490567
2014-08-13,0.848,-0.003525264394829586
2014-08-14,0.842,-0.007075471698113178
2014-08-15,0.85,0.009501187648456089
2014-08-18,0.86,0.0117647058823529
2014-08-19,0.861,0.0011627906976743319
2014-08-20,0.858,-0.0034843205574912606
2014-08-21,0.861,0.0034965034965035446
2014-08-22,0.865,0.004645760743321681
2014-08-25,0.861,-0.0046242774566473965
2014-08-26,0.85,-0.012775842044134733
2014-08-27,0.851,0.0011764705882353343
2014-08-28,0.846,-0.005875440658049347
2014-08-29,0.855,0.010638297872340496
2014-09-01,0.865,0.011695906432748648
2014-09-02,0.874,0.010404624277456698
2014-09-03,0.881,0.008009153318077722
2014-09-04,0.889,0.009080590238365494
2014-09-05,0.894,0.0056242969628796935
2014-09-09,0.896,0.0022371364653244186
2014-09-10,0.895,-0.0011160714285713969
2014-09-11,0.895,0.0
2014-09-12,0.898,0.003351955307262511
2014-09-15,0.903,0.0055679287305121505
2014-09-16,0.874,-0.032115171650055396
2014-09-17,0.874,0.0
2014-09-18,0.88,0.006864988558352492
2014-09-19,0.888,0.009090909090909038
2014-09-22,0.885,-0.0033783783783783994
2014-09-23,0.897,0.013559322033898313
2014-09-24,0.906,0.010033444816053505
2014-09-25,0.906,0.0
2014-09-26,0.906,0.0
2014-09-29,0.914,0.008830022075055233
2014-09-30,0.92,0.006564551422319376
2014-10-08,0.932,0.01304347826086949
2014-10-09,0.928,-0.0042918454935622075
2014-10-10,0.921,-0.007543103448275912
2014-10-13,0.912,-0.009771986970684043
2014-10-14,0.907,-0.005482456140350922
2014-10-15,0.911,0.004410143329658167
2014-10-16,0.901,-0.010976948408342513
2014-10-17,0.898,-0.0033296337402886067
2014-10-20,0.908,0.011135857461024523
2014-10-21,0.905,-0.0033039647577092213
2014-10-22,0.899,-0.006629834254143652
2014-10-23,0.889,-0.011123470522803158
2014-10-24,0.889,0.0
2014-10-27,0.89,0.0011248593925758943
2014-10-28,0.906,0.01797752808988773
2014-10-29,0.913,0.007726269315673218
2014-10-30,0.912,-0.0010952902519167917
2014-10-31,0.909,-0.003289473684210509
2014-11-03,0.912,0.0033003300330032292
2014-11-04,0.904,-0.00877192982456143
2014-11-05,0.898,-0.006637168141592875
2014-11-06,0.908,0.011135857461024523
2014-11-07,0.901,-0.00770925110132159
2014-11-10,0.908,0.007769145394006749
2014-11-11,0.891,-0.018722466960352402
2014-11-12,0.902,0.012345679012345734
2014-11-13,0.889,-0.014412416851441234
2014-11-14,0.889,0.0
2014-11-17,0.894,0.0056242969628796935
2014-11-18,0.892,-0.0022371364653244186
2014-11-19,0.883,-0.010089686098654682
2014-11-20,0.875,-0.009060022650056676
2014-11-21,0.887,0.01371428571428579
2014-11-24,0.898,0.012401352874858995
2014-11-25,0.914,0.017817371937639104
2014-11-26,0.919,0.00547045951859948
2014-11-27,0.923,0.0043525571273121955
2014-11-28,0.925,0.0021668472372697867
2014-12-01,0.919,-0.006486486486486531
2014-12-02,0.937,0.019586507072905324
2014-12-03,0.951,0.014941302027748016
2014-12-04,0.979,0.029442691903259766
2014-12-05,0.963,-0.01634320735444328
2014-12-08,0.972,0.009345794392523477
2014-12-09,0.929,-0.044238683127571954
2014-12-10,0.961,0.034445640473627526
2014-12-11,0.964,0.003121748178980255
2014-12-12,0.98,0.016597510373443924
2014-12-15,0.998,0.01836734693877551
2014-12-16,1.002,0.004008016032064132
2014-12-17,1.001,-0.0009980039920161055
2014-12-18,1.013,0.011988011988012026
2014-12-19,1.007,-0.005923000987166804
2014-12-22,0.982,-0.0248262164846077
2014-12-23,0.973,-0.009164969450101812
2014-12-24,0.972,-0.0010277492291880241
2014-12-25,0.991,0.019547325102880597
2014-12-26,1.005,0.01412714429868811
2014-12-29,1.014,0.008955223880597218
2014-12-30,1.0,-0.013806706114398382
2014-12-31,1.019,0.018999999999999906
2015-01-05,1.04,0.02060843964671255
2015-01-06,1.051,0.01057692307692304
2015-01-07,1.043,-0.007611798287345373
2015-01-08,1.035,-0.007670182166826467
2015-01-09,1.035,0.0
2015-01-12,1.042,0.006763285024154797
2015-01-13,1.065,0.02207293666026855
2015-01-14,1.059,-0.005633802816901401
2015-01-15,1.074,0.014164305949008638
2015-01-16,1.095,0.019553072625698276
2015-01-19,1.057,-0.034703196347032006
2015-01-20,1.097,0.03784295175023655
2015-01-21,1.136,0.03555150410209662
2015-01-22,1.144,0.007042253521126751
2015-01-23,1.135,-0.007867132867132809
2015-01-26,1.155,0.017621145374449254
2015-01-27,1.155,0.0
2015-01-28,1.145,-0.008658008658008698
2015-01-29,1.142,-0.0026200873362446364
2015-01-30,1.122,-0.017513134851138146
2015-02-02,1.115,-0.00623885918003575
2015-02-03,1.139,0.021524663677130018
2015-02-04,1.137,-0.0017559262510974394
2015-02-05,1.138,0.0008795074758134458
2015-02-06,1.115,-0.020210896309314497
2015-02-09,1.101,-0.012556053811659251
2015-02-10,1.126,0.02270663033605813
2015-02-11,1.14,0.01243339253996445
2015-02-12,1.143,0.0026315789473685403
2015-02-13,1.153,0.008748906386701671
2015-02-16,1.174,0.018213356461404873
2015-02-17,1.173,-0.0008517887563883608
2015-02-25,1.166,-0.0059676044330776445
2015-02-26,1.182,0.013722126929674117
2015-02-27,1.185,0.002538071065989911
2015-03-02,1.208,0.01940928270042197
2015-03-03,1.194,-0.011589403973509937
2015-03-04,1.219,0.020938023450586485
2015-03-05,1.212,-0.005742411812961534
2015-03-06,1.195,-0.014026402640264002
2015-03-09,1.217,0.018410041841004254
2015-03-10,1.223,0.004930156121610629
2015-03-11,1.22,-0.0024529844644318732
2015-03-12,1.216,-0.003278688524590123
2015-03-13,1.228,0.009868421052631637
2015-03-16,1.273,0.03664495114006505
2015-03-17,1.279,0.00471327572662994
2015-03-18,1.321,0.03283815480844421
2015-03-19,1.323,0.0015140045420136694
2015-03-20,1.337,0.010582010582010692
2015-03-23,1.384,0.03515332834704554
2015-03-24,1.398,0.01011560693641611
2015-03-25,1.406,0.005722460658083017
2015-03-26,1.386,-0.01422475106685639
2015-03-27,1.416,0.02164502164502169
2015-03-30,1.442,0.01836158192090398
2015-03-31,1.439,-0.0020804438280165316
2015-04-01,1.473,0.023627519110493322
2015-04-02,1.492,0.012898845892735933
2015-04-03,1.504,0.008042895442359255
2015-04-07,1.53,0.017287234042553168
2015-04-08,1.512,-0.0117647058823529
2015-04-09,1.499,-0.008597883597883493
2015-04-10,1.531,0.021347565043362104
2015-04-13,1.568,0.024167210973220277
2015-04-14,1.573,0.0031887755102040227
2015-04-15,1.512,-0.03877940241576605
2015-04-16,1.557,0.029761904761904656
2015-04-17,1.57,0.008349389852280176
2015-04-20,1.551,-0.012101910828025586
2015-04-21,1.604,0.0341715022566087
2015-04-22,1.641,0.023067331670822977
2015-04-23,1.653,0.007312614259597838
2015-04-24,1.65,-0.001814882032667997
2015-04-27,1.674,0.014545454545454639
2015-04-28,1.635,-0.023297491039426466
2015-04-29,1.66,0.015290519877675823
2015-04-30,1.688,0.01686746987951815
2015-05-04,1.692,0.0023696682464455776
2015-05-05,1.631,-0.036052009456264744
2015-05-06,1.631,0.0
2015-05-07,1.616,-0.009196811771919
2015-05-08,1.671,0.0340346534653464
2015-05-11,1.737,0.039497307001795434
2015-05-12,1.769,0.01842256764536554
2015-05-13,1.776,0.00395703787450552
2015-05-14,1.767,-0.005067567567567655
2015-05-15,1.755,-0.006791171477079749
2015-05-18,1.77,0.008547008547008517
2015-05-19,1.8,0.016949152542372836
2015-05-20,1.822,0.012222222222222134
2015-05-21,1.878,0.03073545554335877
2015-05-22,1.899,0.011182108626198062
2015-05-25,1.947,0.025276461295418606
2015-05-26,2.001,0.027734976887519247
2015-05-27,2.008,0.0034982508745626806
2015-05-28,1.887,-0.06025896414342624
2015-05-29,1.898,0.005829358770535142
2015-06-01,1.983,0.04478398314014753
2015-06-02,2.045,0.03126575895108408
2015-06-03,2.043,-0.0009779951100243878
2015-06-04,2.026,-0.008321096426823438
2015-06-05,2.055,0.014313919052320045
2015-06-08,2.063,0.00389294403892948
2015-06-09,2.047,-0.007755695588948175
2015-06-10,2.088,0.02002931118710305
2015-06-11,2.112,0.011494252873563315
2015-06-12,2.139,0.012784090909090828
2015-06-15,2.088,-0.02384291725105181
2015-06-16,2.029,-0.028256704980842984
2015-06-17,2.073,0.02168555938886163
2015-06-18,1.994,-0.03810902074288469
2015-06-19,1.884,-0.055165496489468446
2015-06-23,1.926,0.022292993630573354
2015-06-24,1.972,0.023883696780893082
2015-06-25,1.881,-0.046146044624746474
2015-06-26,1.728,-0.08133971291866027
2015-06-29,1.651,-0.04456018518518512
2015-06-30,1.745,0.056935190793458545
2015-07-01,1.643,-0.05845272206303731
2015-07-02,1.542,-0.061472915398660954
2015-07-03,1.45,-0.05966277561608302
2015-07-06,1.438,-0.008275862068965578
2015-07-07,1.362,-0.052851182197496405
2015-07-08,1.302,-0.04405286343612336
2015-07-09,1.36,0.044546850998463894
2015-07-10,1.435,0.05514705882352944
2015-07-13,1.54,0.07317073170731714
2015-07-14,1.593,0.034415584415584455
2015-07-15,1.506,-0.05461393596986819
2015-07-16,1.541,0.023240371845949515
2015-07-17,1.639,0.06359506813757299
2015-07-20,1.682,0.02623550945698594
2015-07-21,1.708,0.015457788347205792
2015-07-22,1.73,0.012880562060889833
2015-07-23,1.779,0.02832369942196533
2015-07-24,1.738,-0.023046655424395657
2015-07-27,1.625,-0.0650172612197929
2015-07-28,1.591,-0.020923076923076933
2015-07-29,1.654,0.039597737272155875
2015-07-30,1.595,-0.03567110036275689
2015-07-31,1.583,-0.007523510971786829
2015-08-03,1.55,-0.020846493998736504
2015-08-04,1.627,0.0496774193548386
2015-08-05,1.605,-0.013521819299323945
2015-08-06,1.598,-0.004361370716510882
2015-08-07,1.657,0.03692115143929908
2015-08-10,1.736,0.04767652383826193
2015-08-11,1.723,-0.007488479262672709
2015-08-12,1.688,-0.02031340684852012
2015-08-13,1.726,0.02251184834123232
2015-08-14,1.736,0.005793742757821629
2015-08-17,1.765,0.016705069124423932
2015-08-18,1.658,-0.060623229461756356
2015-08-19,1.689,0.018697225572979592
2015-08-20,1.632,-0.03374777975133225
2015-08-21,1.543,-0.054534313725490224
2015-08-24,1.422,-0.07841866493843164
2015-08-25,1.32,-0.07172995780590707
2015-08-26,1.293,-0.020454545454545503
2015-08-27,1.355,0.04795050270688317
2015-08-28,1.431,0.056088560885608985
2015-08-31,1.384,-0.03284416491963671
2015-09-01,1.335,-0.03540462427745661
2015-09-02,1.313,-0.016479400749063733
2015-09-07,1.294,-0.01447067783701439
2015-09-08,1.358,0.04945904173106652
2015-09-09,1.409,0.03755522827687763
2015-09-10,1.385,-0.017033356990773574
2015-09-11,1.4,0.010830324909747224
2015-09-14,1.311,-0.0635714285714285
2015-09-15,1.24,-0.05415713196033556
2015-09-16,1.327,0.07016129032258056
2015-09-17,1.305,-0.016578749058025588
2015-09-18,1.327,0.01685823754789273
2015-09-21,1.381,0.040693293142426645
2015-09-22,1.394,0.009413468501086042
2015-09-23,1.373,-0.01506456241032994
2015-09-24,1.388,0.010924981791696986
2015-09-25,1.332,-0.040345821325648346
2015-09-28,1.368,0.027027027027026973
2015-09-29,1.34,-0.020467836257309968
2015-09-30,1.347,0.0052238805970148405
2015-10-08,1.415,0.05048255382331113
2015-10-09,1.44,0.0176678445229681
2015-10-12,1.503,0.043749999999999956
2015-10-13,1.533,0.019960079840319445
2015-10-14,1.509,-0.015655577299412915
2015-10-15,1.558,0.03247183565275025
2015-10-16,1.58,0.01412066752246477
2015-10-19,1.575,-0.0031645569620254443
2015-10-20,1.603,0.017777777777777892
2015-10-21,1.51,-0.05801621958827197
2015-10-22,1.565,0.0364238410596025
2015-10-23,1.623,0.03706070287539931
2015-10-26,1.65,0.01663585951940849
2015-10-27,1.661,0.006666666666666821
2015-10-28,1.63,-0.01866345574954853
2015-10-29,1.643,0.007975460122699563
2015-10-30,1.64,-0.0018259281801583649
2015-11-02,1.596,-0.02682926829268284
2015-11-03,1.58,-0.010025062656641603
2015-11-04,1.666,0.05443037974683529
2015-11-05,1.672,0.0036014405762305746
2015-11-06,1.714,0.02511961722488043
2015-11-09,1.732,0.010501750291715295
2015-11-10,1.742,0.005773672055427337
2015-11-11,1.776,0.019517795637198576
2015-11-12,1.779,0.0016891891891890332
2015-11-13,1.742,-0.02079820123664977
2015-11-16,1.78,0.021814006888633664
2015-11-17,1.757,-0.012921348314606784
2015-11-18,1.73,-0.015367103016505346
2015-11-19,1.775,0.026011560693641522
2015-11-20,1.798,0.012957746478873267
2015-11-23,1.794,-0.0022246941045606095
2015-11-24,1.818,0.013377926421404673
2015-11-25,1.847,0.01595159515951594
2015-11-26,1.83,-0.00920411478072547
2015-11-27,1.733,-0.05300546448087429
2015-11-30,1.742,0.005193306405077758
2015-12-01,1.762,0.01148105625717566
2015-12-02,1.757,-0.002837684449489286
2015-12-03,1.797,0.02276607854297108
2015-12-04,1.792,-0.0027824151363382565
2015-12-07,1.81,0.010044642857142794
2015-12-08,1.789,-0.011602209944751474
2015-12-09,1.794,0.0027948574622695954
2015-12-10,1.78,-0.0078037904124860225
2015-12-11,1.771,-0.0050561797752809445
2015-12-14,1.811,0.022586109542631405
2015-12-15,1.84,0.016013252346769757
2015-12-16,1.844,0.0021739130434783593
2015-12-17,1.888,0.02386117136659416
2015-12-18,1.893,0.0026483050847458944
2015-12-21,1.918,0.013206550449022636
2015-12-22,1.932,0.007299270072992803
2015-12-23,1.914,-0.009316770186335366
2015-12-24,1.911,-0.0015673981191222097
2015-12-25,1.921,0.005232862375719627
2015-12-28,1.887,-0.017699115044247815
2015-12-29,1.907,0.010598834128245915
2015-12-30,1.923,0.008390141583639155
2015-12-31,1.905,-0.009360374414976613
2016-01-04,1.78,-0.06561679790026242
2016-01-05,1.762,-0.010112359550561778
2016-01-06,1.793,0.01759364358683313
2016-01-07,1.67,-0.06860011154489687
2016-01-08,1.688,0.010778443113772518
2016-01-11,1.59,-0.05805687203791465
2016-01-12,1.589,-0.0006289308176101738
2016-01-13,1.536,-0.033354310887350525
2016-01-14,1.592,0.03645833333333326
2016-01-15,1.533,-0.03706030150753781
2016-01-18,1.559,0.01696020874103077
2016-01-19,1.617,0.037203335471456045
2016-01-20,1.59,-0.016697588126159513
2016-01-21,1.522,-0.04276729559748427
2016-01-22,1.541,0.012483574244415152
2016-01-25,1.564,0.014925373134328401
2016-01-26,1.454,-0.07033248081841437
2016-01-27,1.437,-0.011691884456671131
2016-01-28,1.372,-0.04523312456506612
2016-01-29,1.422,0.036443148688046545
2016-02-01,1.395,-0.01898734177215189
2016-02-02,1.441,0.032974910394265367
2016-02-03,1.444,0.002081887578070818
2016-02-04,1.474,0.020775623268697974
2016-02-05,1.467,-0.004748982360922582
2016-02-15,1.476,0.006134969325153339
2016-02-16,1.536,0.04065040650406515
2016-02-17,1.55,0.00911458333333326
2016-02-18,1.548,-0.001290322580645209
2016-02-19,1.55,0.0012919896640826156
2016-02-22,1.588,0.024516129032258194
2016-02-23,1.589,0.0006297229219143219
2016-02-24,1.596,0.004405286343612369
2016-02-25,1.479,-0.07330827067669177
2016-02-26,1.487,0.005409060175794567
2016-02-29,1.422,-0.04371217215870893
2016-03-01,1.451,0.020393811533052197
2016-03-02,1.526,0.05168849069607173
2016-03-03,1.53,0.002621231979030192
2016-03-04,1.495,-0.02287581699346397
2016-03-07,1.523,0.0187290969899665
2016-03-08,1.526,0.001969796454366346
2016-03-09,1.49,-0.023591087811271283
2016-03-10,1.467,-0.0154362416107382
2016-03-11,1.462,-0.0034083162917519783
2016-03-14,1.522,0.04103967168262668
2016-03-15,1.511,-0.007227332457293123
2016-03-16,1.498,-0.008603573792190566
2016-03-17,1.553,0.03671562082777036
2016-03-18,1.611,0.03734707018673533
2016-03-21,1.653,0.026070763500931182
2016-03-22,1.644,-0.005444646098003658
2016-03-23,1.655,0.006690997566910051
2016-03-24,1.632,-0.013897280966767456
2016-03-25,1.641,0.005514705882353033
2016-03-28,1.642,0.0006093845216330607
2016-03-29,1.621,-0.012789281364189997
2016-03-30,1.674,0.03269586674892033
2016-03-31,1.677,0.0017921146953405742
2016-04-01,1.673,-0.0023852116875372475
2016-04-05,1.714,0.024506873879258873
2016-04-06,1.713,-0.0005834305717619115
2016-04-07,1.685,-0.016345592527729158
2016-04-08,1.673,-0.0071216617210682065
2016-04-11,1.714,0.024506873879258873
2016-04-12,1.707,-0.0040840140023337135
2016-04-13,1.734,0.01581722319859402
2016-04-14,1.745,0.006343713956170838
2016-04-15,1.742,-0.0017191977077364307
2016-04-18,1.717,-0.014351320321469574
2016-04-19,1.729,0.006988934187536433
2016-04-20,1.663,-0.03817235396182772
2016-04-21,1.655,-0.0048105832832231465
2016-04-22,1.655,0.0
2016-04-25,1.652,-0.0018126888217523396
2016-04-26,1.666,0.008474576271186418
2016-04-27,1.653,-0.007803121248499356
2016-04-28,1.642,-0.006654567453115656
2016-04-29,1.64,-0.0012180267965895553
2016-05-03,1.691,0.031097560975609895
2016-05-04,1.693,0.0011827321111768097
2016-05-05,1.702,0.005316007088009389
2016-05-06,1.638,-0.03760282021151595
2016-05-09,1.575,-0.038461538461538436
2016-05-10,1.574,-0.0006349206349205438
2016-05-11,1.568,-0.003811944091486663
2016-05-12,1.565,-0.001913265306122569
2016-05-13,1.555,-0.006389776357827448
2016-05-16,1.576,0.013504823151125445
2016-05-17,1.574,-0.0012690355329949554
2016-05-18,1.531,-0.027318932655654438
2016-05-19,1.535,0.0026126714565644082
2016-05-20,1.547,0.007817589576547324
2016-05-23,1.565,0.011635423400129241
2016-05-24,1.547,-0.011501597444089517
2016-05-25,1.543,-0.0025856496444731647
2016-05-26,1.548,0.003240440699935343
2016-05-27,1.548,0.0
2016-05-30,1.544,-0.0025839793281653423
2016-05-31,1.603,0.038212435233160535
2016-06-01,1.606,0.0018714909544603753
2016-06-02,1.621,0.009339975093399788
2016-06-03,1.631,0.0061690314620603814
2016-06-06,1.635,0.002452483139178341
2016-06-07,1.639,0.0024464831804280607
2016-06-08,1.634,-0.003050640634533308
2016-06-13,1.573,-0.03733170134638919
2016-06-14,1.578,0.0031786395422759295
2016-06-15,1.618,0.025348542458808687
2016-06-16,1.614,-0.0024721878862793423
2016-06-17,1.634,0.012391573729863659
2016-06-20,1.633,-0.000611995104039087
2016-06-21,1.615,-0.01102265768524191
2016-06-22,1.645,0.018575851393188847
2016-06-23,1.642,-0.0018237082066869803
2016-06-24,1.624,-0.010962241169305553
2016-06-27,1.656,0.019704433497536922
2016-06-28,1.67,0.008454106280193274
2016-06-29,1.666,-0.0023952095808382756
2016-06-30,1.667,0.0006002400960385401
2016-07-01,1.663,-0.002399520095980767
2016-07-04,1.696,0.0198436560432953
2016-07-05,1.72,0.014150943396226356
2016-07-06,1.732,0.006976744186046435
2016-07-07,1.727,-0.0028868360277135574
2016-07-08,1.718,-0.005211349160393786
2016-07-11,1.719,0.0005820721769500548
2016-07-12,1.76,0.023851076207097144
2016-07-13,1.765,0.0028409090909089496
2016-07-14,1.764,-0.0005665722379603055
2016-07-15,1.761,-0.001700680272108901
2016-07-18,1.75,-0.006246450880181609
2016-07-19,1.751,0.000571428571428445
2016-07-20,1.749,-0.0011422044545972287
2016-07-21,1.75,0.0005717552887363198
2016-07-22,1.732,-0.010285714285714342
2016-07-25,1.732,0.0
2016-07-26,1.751,0.010969976905311762
2016-07-27,1.69,-0.03483723586521981
2016-07-28,1.695,0.002958579881656931
2016-07-29,1.678,-0.010029498525073843
2016-08-01,1.659,-0.011323003575685275
2016-08-02,1.67,0.006630500301386233
2016-08-03,1.669,-0.0005988023952094856
2016-08-04,1.675,0.003594967046135489
2016-08-05,1.675,0.0
2016-08-08,1.701,0.01552238805970152
2016-08-09,1.709,0.004703115814226999
2016-08-10,1.704,-0.0029256875365711865
2016-08-11,1.684,-0.011737089201877993
2016-08-12,1.7,0.009501187648456089
2016-08-15,1.725,0.014705882352941346
2016-08-16,1.727,0.001159420289855051
2016-08-17,1.728,0.0005790387955992848
2016-08-18,1.723,-0.0028935185185184897
2016-08-19,1.72,-0.0017411491584445882
2016-08-22,1.709,-0.006395348837209269
2016-08-23,1.71,0.0005851375073142595
2016-08-24,1.711,0.0005847953216375767
2016-08-25,1.705,-0.003506721215663311
2016-08-26,1.71,0.0029325513196480912
2016-08-29,1.717,0.004093567251462149
2016-08-30,1.712,-0.0029120559114735878
2016-08-31,1.714,0.001168224299065379
2016-09-01,1.705,-0.0052508751458575365
2016-09-02,1.708,0.0017595307917888103
2016-09-05,1.719,0.0064402810304451386
2016-09-06,1.744,0.014543339150668855
2016-09-07,1.738,-0.0034403669724770714
2016-09-08,1.744,0.0034522439585731313
2016-09-09,1.736,-0.004587155963302725
2016-09-12,1.701,-0.020161290322580627
2016-09-13,1.706,0.0029394473838917357
2016-09-14,1.694,-0.007033997655334079
2016-09-19,1.709,0.008854781582054327
2016-09-20,1.713,0.002340550029256816
2016-09-21,1.719,0.003502626970227629
2016-09-22,1.721,0.0011634671320535084
2016-09-23,1.717,-0.0023242300987798004
2016-09-26,1.688,-0.016889924286546343
2016-09-27,1.693,0.002962085308056972
2016-09-28,1.686,-0.0041346721795629815
2016-09-29,1.683,-0.001779359430604921
2016-09-30,1.695,0.007130124777183555
2016-10-10,1.713,0.010619469026548645
2016-10-11,1.728,0.008756567425569184
2016-10-12,1.721,-0.004050925925925819
2016-10-13,1.715,-0.0034863451481697005
2016-10-14,1.711,-0.0023323615160349975
2016-10-17,1.708,-0.001753360607831711
2016-10-18,1.721,0.007611241217798659
2016-10-19,1.717,-0.0023242300987798004
2016-10-20,1.72,0.0017472335468839972
2016-10-21,1.71,-0.005813953488372103
2016-10-24,1.715,0.0029239766081872176
2016-10-25,1.728,0.007580174927113603
2016-10-26,1.72,-0.00462962962962965
2016-10-27,1.722,0.0011627906976743319
2016-10-28,1.717,-0.0029036004645760505
2016-10-31,1.715,-0.0011648223645893685
2016-11-01,1.723,0.004664723032069995
2016-11-02,1.719,-0.002321532211259414
2016-11-03,1.725,0.003490401396160525
2016-11-04,1.728,0.0017391304347824654
2016-11-07,1.729,0.0005787037037037202
2016-11-08,1.733,0.0023134759976866093
2016-11-09,1.722,-0.006347374495095259
2016-11-10,1.739,0.009872241579558683
2016-11-11,1.741,0.0011500862564692849
2016-11-14,1.745,0.0022975301550833827
2016-11-15,1.739,-0.0034383954154727503
2016-11-16,1.745,0.0034502587694076325
2016-11-17,1.736,-0.005157593123209292
2016-11-18,1.732,-0.0023041474654378336
2016-11-21,1.731,-0.0005773672055426893
2016-11-22,1.741,0.005777007510109788
2016-11-23,1.729,-0.006892590465249815
2016-11-24,1.723,-0.003470213996529803
2016-11-25,1.732,0.0052234474753336535
2016-11-28,1.726,-0.0034642032332563577
2016-11-29,1.732,0.0034762456546928444
2016-11-30,1.724,-0.004618937644341847
2016-12-01,1.722,-0.001160092807424573
2016-12-02,1.7,-0.012775842044134733
2016-12-05,1.689,-0.006470588235294006
2016-12-06,1.687,-0.001184132622853773
2016-12-07,1.697,0.005927682276229973
2016-12-08,1.696,-0.0005892751915145267
2016-12-09,1.697,0.000589622641509413
2016-12-12,1.648,-0.028874484384207477
2016-12-13,1.654,0.00364077669902918
2016-12-14,1.645,-0.0054413542926239344
2016-12-15,1.632,-0.007902735562310137
2016-12-16,1.643,0.00674019607843146
2016-12-19,1.649,0.0036518563603165077
2016-12-20,1.646,-0.0018192844147969511
2016-12-21,1.66,0.008505467800729027
2016-12-22,1.662,0.00120481927710836
2016-12-23,1.647,-0.00902527075812265
2016-12-26,1.651,0.0024286581663630624
2016-12-27,1.649,-0.0012113870381587066
2016-12-28,1.654,0.003032140691328067
2016-12-29,1.646,-0.0048367593712213
2016-12-30,1.644,-0.0012150668286755595
2016-12-31,1.644,0.0
2017-01-03,1.646,0.0012165450121655041
2017-01-04,1.662,0.009720534629404698
2017-01-05,1.662,0.0
2017-01-06,1.648,-0.008423586040914532
2017-01-09,1.651,0.001820388349514701
2017-01-10,1.648,-0.00181708055723806
2017-01-11,1.627,-0.012742718446601908
2017-01-12,1.61,-0.010448678549477508
2017-01-13,1.597,-0.008074534161490732
2017-01-16,1.579,-0.011271133375078235
2017-01-17,1.593,0.008866371120962668
2017-01-18,1.589,-0.0025109855618330457
2017-01-19,1.581,-0.005034612964128438
2017-01-20,1.595,0.008855154965211831
2017-01-23,1.604,0.005642633228840177
2017-01-24,1.597,-0.004364089775561131
2017-01-25,1.599,0.0012523481527864089
2017-01-26,1.61,0.0068792995622264375
2017-02-03,1.599,-0.006832298136645987
2017-02-06,1.604,0.0031269543464667038
2017-02-07,1.602,-0.0012468827930174342
2017-02-08,1.609,0.004369538077403146
2017-02-09,1.618,0.005593536357986428
2017-02-10,1.625,0.00432632880098871
2017-02-13,1.634,0.005538461538461492
2017-02-14,1.636,0.001223990208078396
2017-02-15,1.625,-0.006723716381417999
2017-02-16,1.633,0.00492307692307703
2017-02-17,1.618,-0.009185548071034888
2017-02-20,1.631,0.00803461063040789
2017-02-21,1.635,0.002452483139178341
2017-02-22,1.64,0.003058103975535076
2017-02-23,1.644,0.0024390243902439046
2017-02-24,1.64,-0.0024330900243308973
2017-02-27,1.631,-0.005487804878048674
2017-02-28,1.632,0.0006131207847945852
2017-03-01,1.628,-0.002450980392156854
2017-03-02,1.626,-0.0012285012285012664
2017-03-03,1.627,0.0006150061500616033
2017-03-06,1.633,0.003687768899815591
2017-03-07,1.637,0.0024494794856093627
2017-03-08,1.632,-0.0030543677458766405
2017-03-09,1.626,-0.003676470588235281
2017-03-10,1.627,0.0006150061500616033
2017-03-13,1.639,0.007375537799631182
2017-03-14,1.64,0.0006101281269066394
2017-03-15,1.638,-0.0012195121951219523
2017-03-16,1.648,0.006105006105006083
2017-03-17,1.636,-0.007281553398058249
2017-03-20,1.642,0.003667481662591676
2017-03-21,1.644,0.0012180267965895553
2017-03-22,1.645,0.0006082725060827521
2017-03-23,1.641,-0.002431610942249196
2017-03-24,1.65,0.005484460694698212
2017-03-27,1.643,-0.004242424242424159
2017-03-28,1.637,-0.0036518563603165077
2017-03-29,1.636,-0.0006108735491754391
2017-03-30,1.61,-0.01589242053789719
2017-03-31,1.608,-0.001242236024844745
2017-04-05,1.633,0.015547263681592094
2017-04-06,1.642,0.005511328842620955
2017-04-07,1.636,-0.0036540803897685548
2017-04-10,1.618,-0.011002444987774918
2017-04-11,1.624,0.003708281829418958
2017-04-12,1.62,-0.0024630541871921707
2017-04-13,1.626,0.0037037037037035425
2017-04-14,1.615,-0.006765067650676415
2017-04-17,1.615,0.0
2017-04-18,1.614,-0.0006191950464395912
2017-04-19,1.609,-0.0030978934324660257
2017-04-20,1.634,0.015537600994406375
2017-04-21,1.625,-0.005507955936352449
2017-04-24,1.591,-0.020923076923076933
2017-04-25,1.592,0.0006285355122566116
2017-04-26,1.594,0.0012562814070351536
2017-04-27,1.601,0.004391468005018773
2017-04-28,1.595,-0.0037476577139288203
2017-05-02,1.599,0.0025078369905955356
2017-05-03,1.598,-0.0006253908692932519
2017-05-04,1.586,-0.007509386733416723
2017-05-05,1.571,-0.009457755359394748
2017-05-08,1.548,-0.014640356460852932
2017-05-09,1.547,-0.0006459948320414188
2017-05-10,1.524,-0.014867485455720697
2017-05-11,1.534,0.006561679790026309
2017-05-12,1.531,-0.001955671447196994
2017-05-15,1.537,0.003919007184846501
2017-05-16,1.564,0.017566688353936266
2017-05-17,1.558,-0.0038363171355498826
2017-05-18,1.548,-0.006418485237484006
2017-05-19,1.543,-0.003229974160206761
2017-05-22,1.526,-0.011017498379779611
2017-05-23,1.509,-0.011140235910878205
2017-05-24,1.509,0.0
2017-05-25,1.524,0.00994035785288272
2017-05-26,1.522,-0.001312335958005284
2017-05-31,1.519,-0.001971090670170872
2017-06-01,1.502,-0.011191573403554922
2017-06-02,1.505,0.001997336884154377
2017-06-05,1.515,0.006644518272425293
2017-06-06,1.518,0.001980198019801982
2017-06-07,1.541,0.015151515151515138
2017-06-08,1.546,0.0032446463335498166
2017-06-09,1.562,0.010349288486416475
2017-06-12,1.553,-0.005761843790012877
2017-06-13,1.576,0.01481004507405026
2017-06-14,1.567,-0.005710659898477188
2017-06-15,1.571,0.002552648372686761
2017-06-16,1.566,-0.003182686187141903
2017-06-19,1.585,0.012132822477650018
2017-06-20,1.591,0.003785488958990557
2017-06-21,1.596,0.003142677561282392
2017-06-22,1.585,-0.006892230576441172
2017-06-23,1.592,0.00441640378548902
2017-06-26,1.622,0.018844221105527748
2017-06-27,1.62,-0.0012330456226880004
2017-06-28,1.614,-0.0037037037037036535
2017-06-29,1.617,0.0018587360594795044
2017-06-30,1.625,0.0049474335188621765
2017-07-03,1.636,0.006769230769230639
2017-07-04,1.622,-0.008557457212713837
2017-07-05,1.641,0.011713933415536282
2017-07-06,1.645,0.0024375380865326868
2017-07-07,1.654,0.005471124620060719
2017-07-10,1.656,0.0012091898428052694
2017-07-11,1.643,-0.007850241545893644
2017-07-12,1.643,0.0
2017-07-13,1.659,0.009738283627510613
2017-07-14,1.663,0.0024110910186858625
2017-07-17,1.619,-0.02645820805772703
2017-07-18,1.631,0.0074119827053737986
2017-07-19,1.68,0.030042918454935563
2017-07-20,1.69,0.005952380952380931
2017-07-21,1.694,0.002366863905325367
2017-07-24,1.691,-0.0017709563164107767
2017-07-25,1.673,-0.010644589000591398
2017-07-26,1.681,0.004781829049611552
2017-07-27,1.676,-0.002974419988102439
2017-07-28,1.702,0.015513126491646823
2017-07-31,1.746,0.02585193889541726
2017-08-01,1.764,0.010309278350515427
2017-08-02,1.757,-0.003968253968254065
2017-08-03,1.754,-0.0017074558907227422
2017-08-04,1.734,-0.011402508551881407
2017-08-07,1.758,0.01384083044982698
2017-08-08,1.777,0.010807736063708662
2017-08-09,1.79,0.007315700619020982
2017-08-10,1.783,-0.003910614525139744
2017-08-11,1.72,-0.03533370723499718
2017-08-14,1.759,0.022674418604651025
2017-08-15,1.753,-0.0034110289937464566
2017-08-16,1.744,-0.00513405590416427
2017-08-17,1.765,0.012041284403669694
2017-08-18,1.744,-0.011898016997167082
2017-08-21,1.769,0.014334862385321001
2017-08-22,1.765,-0.0022611644997173608
2017-08-23,1.74,-0.014164305949008416
2017-08-24,1.719,-0.012068965517241348
2017-08-25,1.768,0.028504944735311177
2017-08-28,1.8,0.018099547511312153
2017-08-29,1.787,-0.007222222222222241
2017-08-30,1.816,0.016228315612758948
2017-08-31,1.825,0.004955947136563887
2017-09-01,1.852,0.014794520547945389
2017-09-04,1.862,0.005399568034557323
2017-09-05,1.849,-0.006981740064446851
2017-09-06,1.853,0.0021633315305571443
2017-09-07,1.829,-0.012951969778737249
2017-09-08,1.836,0.003827227993439042
2017-09-11,1.882,0.025054466230936656
2017-09-12,1.891,0.004782146652497321
2017-09-13,1.914,0.012162876784769905
2017-09-14,1.903,-0.005747126436781547
2017-09-15,1.854,-0.02574881765633208
2017-09-18,1.865,0.0059331175836030425
2017-09-19,1.853,-0.006434316353887359
2017-09-20,1.889,0.019427954668105762
2017-09-21,1.84,-0.025939650608787668
2017-09-22,1.823,-0.009239130434782639
2017-09-25,1.782,-0.022490400438836988
2017-09-26,1.792,0.0056116722783390305
2017-09-27,1.799,0.00390625
2017-09-28,1.796,-0.0016675931072818173
2017-09-29,1.802,0.0033407572383072903
2017-09-30,1.801,-0.0005549389567148788
2017-10-09,1.813,0.006662965019433642
2017-10-10,1.793,-0.011031439602868232
2017-10-11,1.784,-0.005019520356943641
2017-10-12,1.766,-0.010089686098654682
2017-10-13,1.777,0.0062287655719137636
2017-10-16,1.778,0.0005627462014632378
2017-10-17,1.749,-0.01631046119235091
2017-10-18,1.729,-0.011435105774728394
2017-10-19,1.728,-0.0005783689994216523
2017-10-20,1.748,0.011574074074074181
2017-10-23,1.748,0.0
2017-10-24,1.752,0.0022883295194509046
2017-10-25,1.76,0.004566210045662045
2017-10-26,1.771,0.006249999999999867
2017-10-27,1.759,-0.006775832862789377
2017-10-30,1.723,-0.02046617396247863
2017-10-31,1.731,0.004643064422518828
2017-11-01,1.734,0.0017331022530329143
2017-11-02,1.727,-0.0040369088811994525
2017-11-03,1.688,-0.022582513028372997
2017-11-06,1.7,0.007109004739336511
2017-11-07,1.71,0.00588235294117645
2017-11-08,1.712,0.0011695906432749315
2017-11-09,1.708,-0.002336448598130869
2017-11-10,1.707,-0.0005854800936767601
2017-11-13,1.726,0.011130638547158789
2017-11-14,1.722,-0.002317497103128674
2017-11-15,1.676,-0.026713124274099886
2017-11-16,1.668,-0.004773269689737458
2017-11-17,1.602,-0.03956834532374087
2017-11-20,1.618,0.009987515605493158
2017-11-21,1.617,-0.0006180469715698633
2017-11-22,1.625,0.0049474335188621765
2017-11-23,1.587,-0.023384615384615448
2017-11-24,1.617,0.018903591682419618
2017-11-27,1.596,-0.01298701298701288
2017-11-28,1.621,0.01566416040100238
2017-11-29,1.648,0.016656384947563163
2017-11-30,1.638,-0.0060679611650485965
2017-12-01,1.634,-0.0024420024420024333
2017-12-04,1.615,-0.011627906976744096
2017-12-05,1.567,-0.029721362229102155
2017-12-06,1.563,-0.00255264837268665
2017-12-07,1.546,-0.010876519513755567
2017-12-08,1.57,0.015523932729624823
2017-12-11,1.586,0.010191082802547768
2017-12-12,1.576,-0.006305170239596425
2017-12-13,1.584,0.0050761421319796
2017-12-14,1.578,-0.0037878787878787845
2017-12-15,1.575,-0.0019011406844107182
2017-12-18,1.585,0.006349206349206327
2017-12-19,1.588,0.0018927444794953896
2017-12-20,1.559,-0.018261964735516445
2017-12-21,1.568,0.0057729313662604476
2017-12-22,1.57,0.0012755102040815647
2017-12-25,1.56,-0.006369426751592355
2017-12-26,1.566,0.0038461538461538325
2017-12-27,1.583,0.01085568326947639
2017-12-28,1.643,0.03790271636133924
2017-12-29,1.643,0.0
2017-12-31,1.642,-0.000608642726719455
2018-01-02,1.657,0.009135200974421442
2018-01-03,1.667,0.0060350030175015945
2018-01-04,1.684,0.010197960407918316
2018-01-05,1.678,-0.0035629453681710332
2018-01-08,1.708,0.017878426698450633
2018-01-09,1.713,0.0029274004683841337
2018-01-10,1.702,-0.0064214827787507645
2018-01-11,1.701,-0.000587544065804857
2018-01-12,1.679,-0.012933568489124081
2018-01-15,1.622,-0.03394877903513993
2018-01-16,1.632,0.006165228113440113
2018-01-17,1.605,-0.016544117647058765
2018-01-18,1.61,0.0031152647975078995
2018-01-19,1.61,0.0
2018-01-22,1.637,0.016770186335403725
2018-01-23,1.645,0.004886988393402625
2018-01-24,1.628,-0.010334346504559333
2018-01-25,1.647,0.011670761670761642
2018-01-26,1.63,-0.010321797207043182
2018-01-29,1.623,-0.004294478527607337
2018-01-30,1.609,-0.008626001232285851
2018-01-31,1.588,-0.013051584835301333
2018-02-01,1.526,-0.03904282115869018
2018-02-02,1.565,0.025557011795543927
2018-02-05,1.561,-0.002555910543130979
2018-02-06,1.482,-0.050608584240871224
2018-02-07,1.478,-0.0026990553306343035
2018-02-08,1.465,-0.008795669824086527
2018-02-09,1.382,-0.05665529010238923
2018-02-12,1.426,0.03183791606367592
2018-02-13,1.435,0.006311360448807868
2018-02-14,1.452,0.01184668989547033
2018-02-22,1.507,0.037878787878787845
2018-02-23,1.522,0.00995355009953558
2018-02-26,1.571,0.03219448094612343
2018-02-27,1.56,-0.007001909611712209
2018-02-28,1.575,0.009615384615384581
2018-03-01,1.566,-0.005714285714285672
2018-03-02,1.551,-0.009578544061302763
2018-03-05,1.558,0.004513217279174864
2018-03-06,1.583,0.016046213093709794
2018-03-07,1.565,-0.01137081490840175
2018-03-08,1.579,0.008945686900958538
2018-03-09,1.588,0.005699810006333239
2018-03-12,1.622,0.021410579345088276
2018-03-13,1.617,-0.0030826140567201676
2018-03-14,1.622,0.0030921459492889714
2018-03-15,1.627,0.0030826140567199456
2018-03-16,1.599,-0.017209588199139536
2018-03-19,1.595,-0.00250156347717323
2018-03-20,1.579,-0.010031347962382475
2018-03-21,1.559,-0.01266624445851805
2018-03-22,1.561,0.0012828736369467908
2018-03-23,1.483,-0.049967969250480415
2018-03-26,1.515,0.021577882670262838
2018-03-27,1.544,0.019141914191419307
2018-03-28,1.507,-0.02396373056994827
2018-03-29,1.521,0.00928998009289983
2018-03-30,1.535,0.00920447074293218
2018-03-31,1.535,0.0
2018-04-02,1.527,-0.005211726384364845
2018-04-03,1.519,-0.0052390307793058755
2018-04-04,1.5,-0.012508229098090795
2018-04-09,1.512,0.008000000000000007
2018-04-10,1.533,0.01388888888888884
2018-04-11,1.541,0.005218525766470972
2018-04-12,1.518,-0.01492537313432829
2018-04-13,1.511,-0.0046113306982873414
2018-04-16,1.493,-0.011912640635340699
2018-04-17,1.461,-0.021433355659745468
2018-04-18,1.467,0.004106776180698102
2018-04-19,1.492,0.017041581458759225
2018-04-20,1.473,-0.012734584450402098
2018-04-23,1.467,-0.004073319755600768
2018-04-24,1.491,0.01635991820040905
2018-04-25,1.49,-0.0006706908115359234
2018-04-26,1.48,-0.006711409395973145
2018-04-27,1.499,0.012837837837837984
2018-05-02,1.513,0.009339559706470935
2018-05-03,1.513,0.0
2018-05-04,1.521,0.005287508261731633
2018-05-07,1.546,0.01643655489809337
2018-05-08,1.56,0.009055627425614388
2018-05-09,1.547,-0.008333333333333415
2018-05-10,1.554,0.004524886877828038
2018-05-11,1.566,0.007722007722007707
2018-05-14,1.588,0.01404853128991057
2018-05-15,1.586,-0.0012594458438287548
2018-05-16,1.568,-0.011349306431273631
2018-05-17,1.554,-0.008928571428571397
2018-05-18,1.563,0.005791505791505669
2018-05-21,1.564,0.000639795265515053
2018-05-22,1.584,0.01278772378516635
2018-05-23,1.557,-0.017045454545454586
2018-05-24,1.54,-0.010918432883750717
2018-05-25,1.523,-0.01103896103896107
2018-05-28,1.525,0.0013131976362441566
2018-05-29,1.513,-0.007868852459016362
2018-05-30,1.483,-0.019828155981493567
2018-05-31,1.49,0.00472016183411994
2018-06-01,1.473,-0.011409395973154268
2018-06-04,1.446,-0.018329938900203735
2018-06-05,1.477,0.021438450899031958
2018-06-06,1.518,0.02775897088693302
2018-06-07,1.524,0.0039525691699604515
2018-06-08,1.501,-0.015091863517060489
2018-06-11,1.494,-0.004663557628247772
2018-06-12,1.494,0.0
2018-06-13,1.474,-0.01338688085676043
2018-06-14,1.478,0.0027137042062415073
2018-06-15,1.44,-0.02571041948579167
2018-06-19,1.354,-0.05972222222222212
2018-06-20,1.361,0.005169867060561328
2018-06-21,1.344,-0.012490815576781666
2018-06-22,1.359,0.01116071428571419
2018-06-25,1.346,-0.009565857247976428
2018-06-26,1.37,0.017830609212481363
2018-06-27,1.364,-0.004379562043795637
2018-06-28,1.344,-0.014662756598240456
2018-06-29,1.4,0.04166666666666652
2018-06-30,1.4,0.0
2018-07-02,1.392,-0.005714285714285672
2018-07-03,1.39,-0.001436781609195359
2018-07-04,1.358,-0.02302158273381283
2018-07-05,1.323,-0.02577319587628879
2018-07-06,1.314,-0.006802721088435271
2018-07-09,1.365,0.03881278538812771
2018-07-10,1.392,0.01978021978021971
2018-07-11,1.388,-0.002873563218390829
2018-07-12,1.42,0.023054755043227626
2018-07-13,1.447,0.01901408450704234
2018-07-16,1.443,-0.0027643400138217533
2018-07-17,1.471,0.01940401940401948
2018-07-18,1.458,-0.008837525492862097
2018-07-19,1.457,-0.000685871056241405
2018-07-20,1.462,0.0034317089910775866
2018-07-23,1.489,0.01846785225718195
2018-07-24,1.494,0.003357958361316138
2018-07-25,1.483,-0.007362784471218187
2018-07-26,1.459,-0.01618341200269724
2018-07-27,1.449,-0.006854009595613442
2018-07-30,1.423,-0.01794340924775706
2018-07-31,1.416,-0.004919184820801226
2018-08-01,1.396,-0.01412429378531077
2018-08-02,1.357,-0.027936962750716332
2018-08-03,1.327,-0.022107590272660294
2018-08-06,1.263,-0.04822908816880189
2018-08-07,1.276,0.010292953285827577
2018-08-08,1.237,-0.030564263322883978
2018-08-09,1.27,0.026677445432497837
2018-08-10,1.291,0.016535433070866024
2018-08-13,1.305,0.010844306738962084
2018-08-14,1.299,-0.0045977011494252595
2018-08-15,1.273,-0.02001539645881445
2018-08-16,1.242,-0.02435192458758828
2018-08-17,1.222,-0.01610305958132041
2018-08-20,1.226,0.003273322422258529
2018-08-21,1.252,0.021207177814029476
2018-08-22,1.231,-0.016773162939297093
2018-08-23,1.254,0.018683996750609166
2018-08-24,1.247,-0.005582137161084466
2018-08-27,1.286,0.031275060144346334
2018-08-28,1.288,0.0015552099533437946
2018-08-29,1.289,0.0007763975155279379
2018-08-30,1.268,-0.016291698991466208
2018-08-31,1.255,-0.010252365930599416
2018-09-03,1.276,0.016733067729083784
2018-09-04,1.288,0.00940438871473348
2018-09-05,1.273,-0.011645962732919402
2018-09-06,1.268,-0.003927729772191579
2018-09-07,1.259,-0.007097791798107322
2018-09-10,1.221,-0.030182684670373217
2018-09-11,1.24,0.015561015561015523
2018-09-12,1.227,-0.010483870967741837
2018-09-13,1.228,0.0008149959250203231
2018-09-14,1.208,-0.016286644951140072
2018-09-17,1.197,-0.009105960264900625
2018-09-18,1.202,0.004177109440267168
2018-09-19,1.213,0.009151414309484185
2018-09-20,1.205,-0.0065952184666117075
2018-09-21,1.231,0.021576763485477102
2018-09-25,1.231,0.0
2018-09-26,1.225,-0.004874086108854647
2018-09-27,1.207,-0.014693877551020473
2018-09-28,1.218,0.009113504556752083
2018-09-30,1.218,0.0
2018-10-08,1.175,-0.03530377668308693
2018-10-09,1.178,0.002553191489361506
2018-10-10,1.172,-0.005093378607809895
2018-10-11,1.092,-0.06825938566552892
2018-10-12,1.091,-0.0009157509157510235
2018-10-15,1.073,-0.016498625114573784
2018-10-16,1.045,-0.026095060577819185
2018-10-17,1.032,-0.012440191387559696
2018-10-18,0.996,-0.03488372093023262
2018-10-19,1.037,0.041164658634538
2018-10-22,1.094,0.05496624879459988
2018-10-23,1.074,-0.018281535648994485
2018-10-24,1.061,-0.012104283054003795
2018-10-25,1.058,-0.002827521206408945
2018-10-26,1.06,0.001890359168241984
2018-10-29,1.057,-0.002830188679245338
2018-10-30,1.059,0.0018921475875117721
2018-10-31,1.071,0.011331444759206777
2018-11-01,1.078,0.0065359477124184995
2018-11-02,1.112,0.03153988868274582
2018-11-05,1.113,0.0008992805755394517
2018-11-06,1.119,0.005390835579514919
2018-11-07,1.124,0.0044682752457552155
2018-11-08,1.128,0.003558718861209842
2018-11-09,1.123,-0.004432624113475114
2018-11-12,1.159,0.03205699020480868
2018-11-13,1.171,0.010353753235547991
2018-11-14,1.173,0.0017079419299743659
2018-11-15,1.197,0.020460358056265893
2018-11-16,1.204,0.005847953216374213
2018-11-19,1.208,0.0033222591362125353
2018-11-20,1.191,-0.014072847682119138
2018-11-21,1.193,0.0016792611251048584
2018-11-22,1.188,-0.004191114836546661
2018-11-23,1.161,-0.022727272727272707
2018-11-26,1.136,-0.021533161068044926
2018-11-27,1.156,0.01760563380281699
2018-11-28,1.164,0.006920415224913601
2018-11-29,1.134,-0.02577319587628868
2018-11-30,1.147,0.011463844797178213
2018-12-03,1.174,0.023539668700959027
2018-12-04,1.182,0.006814310051107331
2018-12-05,1.183,0.0008460236886633776
2018-12-06,1.144,-0.03296703296703307
2018-12-07,1.152,0.006993006993007089
2018-12-10,1.146,-0.00520833333333337
2018-12-11,1.161,0.013089005235602302
2018-12-12,1.156,-0.004306632213609052
2018-12-13,1.166,0.00865051903114189
2018-12-14,1.128,-0.032590051457976
2018-12-17,1.117,-0.009751773049645251
2018-12-18,1.108,-0.008057296329453845
2018-12-19,1.089,-0.017148014440433346
2018-12-20,1.103,0.012855831037649201
2018-12-21,1.096,-0.006346328195829476
2018-12-24,1.12,0.021897810218978186
2018-12-25,1.129,0.008035714285714146
2018-12-26,1.108,-0.018600531443755508
2018-12-27,1.101,-0.00631768953068601
2018-12-28,1.096,-0.004541326067211582
2018-12-31,1.096,0.0
2019-01-02,1.096,0.0
2019-01-03,1.07,-0.02372262773722633
2019-01-04,1.093,0.021495327102803552
2019-01-07,1.122,0.02653247941445569
2019-01-08,1.129,0.0062388591800355275
2019-01-09,1.123,-0.005314437555358764
2019-01-10,1.13,0.006233303650934996
2019-01-11,1.146,0.014159292035398341
2019-01-14,1.15,0.003490401396160525
2019-01-15,1.156,0.00521739130434784
2019-01-16,1.154,-0.0017301038062284002
2019-01-17,1.134,-0.017331022530329254
2019-01-18,1.14,0.005291005291005346
2019-01-21,1.173,0.028947368421052833
2019-01-22,1.173,0.0
2019-01-23,1.188,0.012787723785166127
2019-01-24,1.209,0.017676767676767735
2019-01-25,1.214,0.0041356492969395475
2019-01-28,1.204,-0.008237232289950547
2019-01-29,1.187,-0.014119601328903553
2019-01-30,1.166,-0.017691659646166924
2019-01-31,1.177,0.009433962264151052
2019-02-01,1.201,0.02039082412914195
2019-02-11,1.258,0.04746044962531215
2019-02-12,1.265,0.00556438791732905
2019-02-13,1.287,0.01739130434782621
2019-02-14,1.287,0.0
2019-02-15,1.288,0.0007770007770009357
2019-02-18,1.358,0.05434782608695654
2019-02-19,1.361,0.0022091310751104487
2019-02-20,1.4,0.028655400440852352
2019-02-21,1.432,0.02285714285714291
2019-02-22,1.479,0.0328212290502794
2019-02-25,1.547,0.04597701149425282
2019-02-26,1.578,0.02003878474466725
2019-02-27,1.529,-0.03105196451204062
2019-02-28,1.539,0.0065402223675605775
2019-03-01,1.571,0.02079272254710851
2019-03-04,1.609,0.024188415022278864
2019-03-05,1.654,0.027967681789931698
2019-03-06,1.661,0.004232164449818665
2019-03-07,1.664,0.0018061408789884492
2019-03-08,1.648,-0.009615384615384581
2019-03-11,1.731,0.05036407766990303
2019-03-12,1.807,0.043905257076834125
2019-03-13,1.729,-0.043165467625899234
2019-03-14,1.671,-0.03354540196645461
2019-03-15,1.671,0.0
2019-03-18,1.679,0.004787552363854086
2019-03-19,1.695,0.009529481834425368
2019-03-20,1.66,-0.020648967551622488
2019-03-21,1.676,0.009638554216867545
2019-03-22,1.663,-0.0077565632458233
2019-03-25,1.658,-0.0030066145520144527
2019-03-26,1.616,-0.02533172496984304
2019-03-27,1.552,-0.03960396039603964
2019-03-28,1.548,-0.002577319587628857
2019-03-29,1.593,0.029069767441860517
2019-03-31,1.593,0.0
2019-04-01,1.659,0.04143126177024481
2019-04-02,1.659,0.0
2019-04-03,1.656,-0.001808318264014508
2019-04-04,1.66,0.0024154589371980784
2019-04-08,1.629,-0.01867469879518069
2019-04-09,1.622,-0.0042971147943523524
2019-04-10,1.638,0.009864364981504226
2019-04-11,1.648,0.006105006105006083
2019-04-12,1.697,0.029733009708738045
2019-04-15,1.656,-0.02416028285209204
2019-04-16,1.69,0.020531400966183666
2019-04-17,1.719,0.017159763313609577
2019-04-18,1.719,0.0
2019-04-19,1.721,0.0011634671320535084
2019-04-22,1.736,0.00871586287042403
2019-04-23,1.759,0.013248847926267127
2019-04-24,1.801,0.023877202956225085
2019-04-25,1.786,-0.008328706274292053
2019-04-26,1.745,-0.022956326987681908
2019-04-29,1.699,-0.026361031518624678
2019-04-30,1.738,0.022954679223072372
2019-05-06,1.644,-0.05408515535097813
2019-05-07,1.599,-0.027372262773722622
2019-05-08,1.543,-0.03502188868042533
2019-05-09,1.568,0.01620220349967605
2019-05-10,1.647,0.05038265306122436
2019-05-13,1.626,-0.012750455373406244
2019-05-14,1.615,-0.006765067650676415
2019-05-15,1.642,0.01671826625386985
2019-05-16,1.632,-0.006090133982947665
2019-05-17,1.617,-0.009191176470588203
2019-05-20,1.588,-0.017934446505875057
2019-05-21,1.647,0.03715365239294699
2019-05-22,1.658,0.006678809957498366
2019-05-23,1.605,-0.03196622436670682
2019-05-24,1.562,-0.026791277258566892
2019-05-27,1.638,0.04865556978233032
2019-05-28,1.64,0.0012210012210012167
2019-05-29,1.637,-0.0018292682926828174
2019-05-30,1.629,-0.004886988393402625
2019-05-31,1.603,-0.015960712093308738
2019-06-03,1.562,-0.02557704304429187
2019-06-04,1.553,-0.005761843790012877
2019-06-05,1.542,-0.007083065035415226
2019-06-06,1.481,-0.039559014267185444
2019-06-10,1.487,0.004051316677920358
2019-06-11,1.559,0.048419636852723436
2019-06-12,1.537,-0.014111610006414366
2019-06-13,1.539,0.0013012361743656164
2019-06-14,1.494,-0.029239766081871288
2019-06-17,1.482,-0.008032128514056214
2019-06-18,1.491,0.006072874493927127
2019-06-19,1.513,0.014755197853789204
2019-06-20,1.539,0.017184401850627973
2019-06-21,1.557,0.011695906432748648
2019-06-24,1.507,-0.03211303789338471
2019-06-25,1.493,-0.009289980092899608
2019-06-26,1.504,0.007367716008037428
2019-06-27,1.543,0.02593085106382964
2019-06-28,1.554,0.007128969539857533
2019-06-30,1.554,0.0
2019-07-01,1.629,0.04826254826254828
2019-07-02,1.629,0.0
2019-07-03,1.636,0.004297114794352241
2019-07-04,1.621,-0.00916870415647919
2019-07-05,1.639,0.011104256631708775
2019-07-08,1.633,-0.0036607687614399476
2019-07-09,1.629,-0.0024494794856093627
2019-07-10,1.613,-0.009821976672805377
2019-07-11,1.604,-0.0055796652200866825
2019-07-12,1.615,0.006857855361595888
2019-07-15,1.661,0.028482972136222973
2019-07-16,1.666,0.003010234798314304
2019-07-17,1.696,0.01800720288115243
2019-07-18,1.657,-0.022995283018867885
2019-07-19,1.66,0.0018105009052504784
2019-07-22,1.604,-0.033734939759036076
2019-07-23,1.649,0.028054862842892714
2019-07-24,1.677,0.016979987871437174
2019-07-25,1.712,0.020870602265951055
2019-07-26,1.704,-0.004672897196261738
2019-07-29,1.739,0.020539906103286487
2019-07-30,1.737,-0.0011500862564692849
2019-07-31,1.723,-0.008059873344847479
2019-08-01,1.729,0.0034822983168891763
2019-08-02,1.714,-0.008675534991324563
2019-08-05,1.702,-0.007001166861143493
2019-08-06,1.677,-0.014688601645123311
2019-08-07,1.655,-0.013118664281455028
2019-08-08,1.663,0.004833836858006091
2019-08-09,1.642,-0.012627781118460746
2019-08-12,1.673,0.018879415347137662
2019-08-13,1.663,-0.005977286312014329
2019-08-14,1.658,-0.0030066145520144527
2019-08-15,1.668,0.006031363088057962
2019-08-16,1.733,0.03896882494004816
2019-08-19,1.791,0.033467974610501994
2019-08-20,1.792,0.0005583472920156485
2019-08-21,1.781,-0.006138392857142905
2019-08-22,1.779,-0.001122964626614209
2019-08-23,1.759,-0.011242270938729648
2019-08-26,1.768,0.0051165434906197405
2019-08-27,1.801,0.018665158371040658
2019-08-28,1.821,0.01110494169905607
2019-08-29,1.842,0.011532125205930832
2019-08-30,1.836,-0.0032573289902280145
2019-09-02,1.895,0.03213507625272327
2019-09-03,1.935,0.02110817941952514
2019-09-04,1.94,0.0025839793281652312
2019-09-05,1.963,0.011855670103092741
2019-09-06,1.965,0.0010188487009679115
2019-09-09,2.029,0.032569974554707226
2019-09-10,2.021,-0.003942828979793034
2019-09-11,1.988,-0.016328550222661997
2019-09-12,1.999,0.005533199195171035
2019-09-16,2.022,0.011505752876437958
2019-09-17,1.975,-0.023244312561819802
2019-09-18,1.977,0.0010126582278480178
2019-09-19,2.008,0.01568032372281225
2019-09-20,2.04,0.015936254980079667
2019-09-23,2.042,0.0009803921568627416
2019-09-24,2.029,-0.006366307541625815
2019-09-25,1.956,-0.03597831444061117
2019-09-26,1.836,-0.06134969325153372
2019-09-27,1.871,0.019063180827886717
2019-09-30,1.852,-0.010154997327632254
2019-10-08,1.859,0.0037796976241899483
2019-10-09,1.912,0.028509951586874527
2019-10-10,1.957,0.023535564853556457
2019-10-11,1.94,-0.008686765457332712
2019-10-14,1.978,0.019587628865979312
2019-10-15,1.95,-0.014155712841253831
2019-10-16,1.934,-0.008205128205128198
2019-10-17,1.943,0.004653567735263708
2019-10-18,1.932,-0.005661348430262558
2019-10-21,1.967,0.018115942028985588
2019-10-22,2.002,0.017793594306049654
2019-10-23,2.01,0.003996003996004083
2019-10-24,2.044,0.01691542288557235
2019-10-25,2.104,0.02935420743639927
2019-10-28,2.156,0.024714828897338448
2019-10-29,2.171,0.006957328385899686
2019-10-30,2.179,0.0036849378166743385
2019-10-31,2.13,-0.02248737953189539
2019-11-01,2.151,0.009859154929577452
2019-11-04,2.171,0.009298000929800043
2019-11-05,2.184,0.005988023952095967
2019-11-06,2.124,-0.027472527472527486
2019-11-07,2.163,0.018361581920903758
2019-11-08,2.135,-0.012944983818770184
2019-11-11,2.102,-0.015456674473067866
2019-11-12,2.092,-0.004757373929590747
2019-11-13,2.12,0.013384321223709472
2019-11-14,2.145,0.011792452830188704
2019-11-15,2.094,-0.023776223776223904
2019-11-18,2.101,0.003342884431709603
2019-11-19,2.144,0.02046644455021429
2019-11-20,2.118,-0.012126865671641895
2019-11-21,2.103,-0.007082152974504097
2019-11-22,2.041,-0.029481692819781413
2019-11-25,2.003,-0.018618324350808346
2019-11-26,2.043,0.019970044932601017
2019-11-27,2.041,-0.0009789525208028227
2019-11-28,2.05,0.004409603135717699
2019-11-29,2.036,-0.006829268292682822
2019-12-02,2.068,0.015717092337917515
2019-12-03,2.084,0.007736943907156624
2019-12-04,2.078,-0.0028790786948177383
2019-12-05,2.103,0.012030798845043433
2019-12-06,2.131,0.013314312886352653
2019-12-09,2.148,0.00797747536367921
2019-12-10,2.152,0.0018621973929235924
2019-12-11,2.112,-0.0185873605947956
2019-12-12,2.133,0.009943181818181879
2019-12-13,2.136,0.0014064697609001975
2019-12-16,2.184,0.022471910112359605
2019-12-17,2.229,0.02060439560439553
2019-12-18,2.219,-0.004486316733961493
2019-12-19,2.202,-0.0076611086074808155
2019-12-20,2.196,-0.0027247956403269047
2019-12-23,2.116,-0.03642987249544627
2019-12-24,2.155,0.018431001890359067
2019-12-25,2.198,0.0199535962877031
2019-12-26,2.203,0.0022747952684258888
2019-12-27,2.164,-0.01770313209260088
2019-12-30,2.171,0.0032347504621070833
2019-12-31,2.196,0.011515430677107474
2020-01-02,2.251,0.025045537340619095
2020-01-03,2.243,-0.0035539760106619855
2020-01-06,2.262,0.00847079803834161
2020-01-07,2.317,0.02431476569407609
